title,url,source,published_at,theme,sentiment_score,sentiment_label,period
United States Calendar,https://tradingeconomics.com/united-states/calendar,https://tradingeconomics.com/united-states/calendar,2026-10-08 10:00:00+00:00,Employment,0.0,Neutral,Recent 7d
Economic Calendar: U.S. Jobless Claims and ECB Meeting Minutes in Focus (08.10.2026) | XTB,https://www.xtb.com/cy/market-analysis/news-and-research/economic-calendar-u-s-jobless-claims-and-ecb-meeting-minutes-in-focus-08-10-2026,https://www.xtb.com/cy/market-analysis/news-and-research/economic-calendar-u-s-jobless-claims-and-ecb-meeting-minutes-in-focus-08-10-2026,2026-10-08 07:00:00+00:00,Employment,-0.35294117647058826,Negative,Recent 7d
US stocks slide as oil prices fluctuate over renewed Iran war fears | Business and Economy News | Al Jazeera,https://www.aljazeera.com/news/2026/10/8/us-stocks-slide-as-oil-prices-fluctuate-over-renewed-iran-war-fears,https://www.aljazeera.com/news/2026/10/8/us-stocks-slide-as-oil-prices-fluctuate-over-renewed-iran-war-fears,2026-10-08 00:33:03+00:00,Financial Markets,0.0,Neutral,Recent 7d
Mixed economic signals emerge as inflation steadies but hiring slows before midterms,https://fox23.com/news/nation-world/mixed-economic-signals-emerge-as-inflation-steadies-but-hiring-slows-before-midterms-president-donald-trump-white-house-economic-advisor-steve-moore-middle-east-gasoline-prices-diesel-household-budgets,https://fox23.com/news/nation-world/mixed-economic-signals-emerge-as-inflation-steadies-but-hiring-slows-before-midterms-president-donald-trump-white-house-economic-advisor-steve-moore-middle-east-gasoline-prices-diesel-household-budgets,2026-10-07 19:08:47+00:00,Inflation,-1.0,Negative,Recent 7d
Short- and Medium-Term Inflation Expectations Increase; Labor Market Expectations Improve - FEDERAL RESERVE BANK of NEW YORK,https://www.newyorkfed.org/newsevents/news/research/2026/20261007,https://www.newyorkfed.org/newsevents/news/research/2026/20261007,2026-10-07 15:00:00+00:00,Monetary Policy,0.625,Positive,Recent 7d
The US economy and monetary policy | Bank for International Settlements,https://www.bis.org/speeches/20261007-us-economy-and-monetary-policy,https://www.bis.org/speeches/20261007-us-economy-and-monetary-policy,2026-10-07 12:00:00+00:00,Monetary Policy,0.0,Neutral,Recent 7d
Global growth remains solid in a challenging environment | PIIE,https://www.piie.com/blogs/realtime-economics/2026/global-growth-remains-solid-challenging-environment,https://www.piie.com/blogs/realtime-economics/2026/global-growth-remains-solid-challenging-environment,2026-10-06 17:05:41+00:00,Monetary Policy,0.1864406779661017,Neutral,Recent 7d
US Economic Optimism Gauge Unexpectedly Increases — TradingView News,https://www.tradingview.com/news/te_news:589904:0-us-economic-optimism-gauge-unexpectedly-increases,https://www.tradingview.com/news/te_news:589904:0-us-economic-optimism-gauge-unexpectedly-increases,2026-10-06 14:08:04+00:00,Monetary Policy,0.42105263157894735,Positive,Recent 7d
Market Pulse October,https://am.gs.com/en-us/advisors/insights/article/market-pulse,https://am.gs.com/en-us/advisors/insights/article/market-pulse,2026-10-06 00:00:00+00:00,Growth,0.20930232558139536,Positive,Recent 7d
"U.S. Employment Holds Steady in September as Economy Adds 29,000 Jobs | Hardware Retailing",https://hardwareretailing.com/u-s-employment-holds-steady-in-september-as-economy-adds-29000-jobs,https://hardwareretailing.com/u-s-employment-holds-steady-in-september-as-economy-adds-29000-jobs,2026-10-05 15:43:18+00:00,Employment,0.0,Neutral,Recent 7d
"Stock Market Week Ahead (5-9 October 2026): Fed Minutes, ISM Services and Oil in Focus",https://www.bbntimes.com/global-economy/stock-market-week-ahead-5-9-october-2026-fed-minutes-ism-services-and-oil-in-focus,https://www.bbntimes.com/global-economy/stock-market-week-ahead-5-9-october-2026-fed-minutes-ism-services-and-oil-in-focus,2026-10-04 17:00:00+00:00,Monetary Policy,0.07317073170731707,Neutral,Recent 7d
On... - Board of Governors of the Federal Reserve System,https://www.facebook.com/federalreserve/posts/on-october-1-2026-governor-waller-gave-remarks-on-federal-reserve-economic-data-/1527136669443654,https://www.facebook.com/federalreserve/posts/on-october-1-2026-governor-waller-gave-remarks-on-federal-reserve-economic-data-/1527136669443654,2026-10-03 01:00:00+00:00,Monetary Policy,0.0,Neutral,Recent 7d
"US job growth slows, easing pressure on Fed to hike rates before midterms - POLITICO",https://www.politico.com/news/2026/10/02/jobs-report-fed-midterms-rates-01103543,https://www.politico.com/news/2026/10/02/jobs-report-fed-midterms-rates-01103543,2026-10-02 13:36:00+00:00,Monetary Policy,0.3142857142857143,Positive,Recent 7d
"US added just 29,000 jobs in September in sharp drop from last month’s gains",https://www.theguardian.com/business/2026/oct/02/september-jobs-report,https://www.theguardian.com/business/2026/oct/02/september-jobs-report,2026-10-02 13:00:00+00:00,Employment,0.0,Neutral,Recent 7d
Jobs report September 2026:,https://www.cnbc.com/2026/10/02/jobs-report-september-2026.html,https://www.cnbc.com/2026/10/02/jobs-report-september-2026.html,2026-10-02 12:31:42+00:00,Monetary Policy,0.0,Neutral,Recent 7d
PREVIEW: US September jobs data is due on 2nd October 2026 at 13:30BST/08:30EDT | Newsquawk,https://www.newsquawk.com/headlines/preview-us-september-jobs-data-is-due-on-2nd-october-2026-at-1330bst0830edt,https://www.newsquawk.com/headlines/preview-us-september-jobs-data-is-due-on-2nd-october-2026-at-1330bst0830edt,2026-10-02 07:00:00+00:00,Employment,-0.01818181818181818,Neutral,Recent 7d
US employment data: What to expect from September’s jobs report,https://www.firstpost.com/business/us-employment-data-what-to-expect-from-septembers-jobs-report-14049888.html,https://www.firstpost.com/business/us-employment-data-what-to-expect-from-septembers-jobs-report-14049888.html,2026-10-02 06:00:00+00:00,Monetary Policy,0.6,Positive,Recent 7d
Weekly stock market update | Edward Jones,https://www.edwardjones.ca/ca-en/market-news-insights/stock-market-news/stock-market-weekly-update,https://www.edwardjones.ca/ca-en/market-news-insights/stock-market-news/stock-market-weekly-update,2026-10-01 20:00:00+00:00,Monetary Policy,1.0,Positive,Recent 7d
Speech by Vice Chair Jefferson on the U.S. economy and monetary policy - Federal Reserve Board,https://www.federalreserve.gov/newsevents/speech/jefferson20261001a.htm,https://www.federalreserve.gov/newsevents/speech/jefferson20261001a.htm,2026-10-01 13:00:00+00:00,Monetary Policy,0.0,Neutral,Recent 7d
2026 Kansas City Economic Outlook - Federal Reserve Bank of Kansas City,https://www.kansascityfed.org/events/2026-kc-economic-outlook,https://www.kansascityfed.org/events/2026-kc-economic-outlook,2026-10-01 13:00:00+00:00,Monetary Policy,1.0,Positive,Recent 7d
US economic forecast | Deloitte Insights,https://www.deloitte.com/us/en/insights/topics/economy/us-economic-forecast/united-states-outlook-analysis.html,https://www.deloitte.com/us/en/insights/topics/economy/us-economic-forecast/united-states-outlook-analysis.html,2026-09-30 14:41:19+00:00,Employment,0.2,Positive,Previous 7d
Hutchins Center Fiscal Impact Measure | Brookings,https://www.brookings.edu/articles/hutchins-center-fiscal-impact-measure,https://www.brookings.edu/articles/hutchins-center-fiscal-impact-measure,2026-09-30 00:00:00+00:00,Monetary Policy,1.0,Positive,Previous 7d
4 Reasons to Think US Inflation Will Come Back Down,https://global.morningstar.com/en-nd/economy/4-reasons-think-us-inflation-will-come-back-down,https://global.morningstar.com/en-nd/economy/4-reasons-think-us-inflation-will-come-back-down,2026-09-22 06:00:00+00:00,Monetary Policy,-0.6,Negative,Older
Federal Reserve Monetary Policy | U.S. Bank,https://www.usbank.com/investing/financial-perspectives/market-news/federal-reserve-tapering-asset-purchases.html,https://www.usbank.com/investing/financial-perspectives/market-news/federal-reserve-tapering-asset-purchases.html,2026-09-18 18:05:00+00:00,Monetary Policy,0.5294117647058824,Positive,Older
Our economic outlook for the United States | Vanguard,https://corporate.vanguard.com/content/corporatesite/us/en/corp/vemo/vemo-united-states.html,https://corporate.vanguard.com/content/corporatesite/us/en/corp/vemo/vemo-united-states.html,2026-09-18 00:00:00+00:00,Monetary Policy,0.47619047619047616,Positive,Older
"Fed Raises Rates in September, Officials Signal One More Hike in 2026 | Chase",https://www.chase.com/personal/investments/learning-and-insights/article/federal-reserve-raises-rates-officials-signal-one-more-hike-in-2026,https://www.chase.com/personal/investments/learning-and-insights/article/federal-reserve-raises-rates-officials-signal-one-more-hike-in-2026,2026-09-17 00:00:00+00:00,Monetary Policy,-0.48148148148148145,Negative,Older
Fed raises US inflation outlook while lowering unemployment forecasts,https://www.aa.com.tr/en/economy/fed-raises-us-inflation-outlook-while-lowering-unemployment-forecasts/4059488,https://www.aa.com.tr/en/economy/fed-raises-us-inflation-outlook-while-lowering-unemployment-forecasts/4059488,2026-09-16 22:38:55+00:00,Inflation,-0.034482758620689655,Neutral,Older
"September 16, 2026: FOMC Projections materials, accessible version",https://www.federalreserve.gov/monetarypolicy/fomcprojtabl20260916.htm,https://www.federalreserve.gov/monetarypolicy/fomcprojtabl20260916.htm,2026-09-16 18:00:27+00:00,Monetary Policy,1.0,Positive,Older
Firm Inflation Reading Pushes Fed Closer to a Rate Increase - WSJ,https://www.wsj.com/economy/cpi-inflation-report-august-2026-e2b1e5e7,https://www.wsj.com/economy/cpi-inflation-report-august-2026-e2b1e5e7,2026-09-11 12:33:00+00:00,Monetary Policy,1.0,Positive,Older
CPI inflation report August 2026:,https://www.cnbc.com/2026/09/11/cpi-inflation-report-august-2026.html,https://www.cnbc.com/2026/09/11/cpi-inflation-report-august-2026.html,2026-09-11 12:32:19+00:00,Monetary Policy,0.058823529411764705,Neutral,Older
Breaking Down Inflation Under Trump vs. Biden,https://smartasset.com/retirement/inflation-under-trump-vs-biden,https://smartasset.com/retirement/inflation-under-trump-vs-biden,2026-08-26 00:00:00+00:00,Monetary Policy,0.30434782608695654,Positive,Older
Economic Outlook: Inflation’s Next Move May Surprise Investors | Morningstar,https://www.morningstar.com/economy/whats-ahead-2027-beyond-inflation-fed-rate-cuts-more,https://www.morningstar.com/economy/whats-ahead-2027-beyond-inflation-fed-rate-cuts-more,2026-07-14 18:59:19+00:00,Monetary Policy,0.42857142857142855,Positive,Older
United States Fed Funds Interest Rate,https://tradingeconomics.com/united-states/interest-rate,https://tradingeconomics.com/united-states/interest-rate,2026-04-13 10:17:03+00:00,Monetary Policy,0.0,Neutral,Older
