retrieved_at_utc,query,title,url,content,score,published_date,source
2026-10-08T13:02:08.721312+00:00,latest US macroeconomic news Federal Reserve inflation employment October 2026,Short- and Medium-Term Inflation Expectations Increase; Labor Market Expectations Improve - FEDERAL RESERVE BANK of NEW YORK,https://www.newyorkfed.org/newsevents/news/research/2026/20261007,"October 07, 2026

NEW YORK—The Federal Reserve Bank of New York’s Center for Microeconomic Data today released the September 2026Survey of Consumer Expectations, which shows that households’ inflation expectations increased at the short- and medium-term horizons and remained unchanged at the longer-term horizon. Labor market expectations mostly improved with unemployment rate, job finding, job loss, and quit expectations all improving. Income and spending growth expectations both increased, while perceptions and expectations about households’ future financial situation deteriorated. The survey was fielded from September 1 through September 30, 2026.

The main findings from the September 2026Survey are:

Inflation [...] Programs

        + High School Fed Challenge
        + College Fed Challenge
        + Teacher Professional Development
        + Classroom Visits
        + Museum & Learning Center Visits
       Resources

        + Educational Comic Books
        + Economist Spotlight Series
        + Lesson Plans and Resources
       Economic Education Calendar

    Government and Culture Reform

    The Governance & Culture Reform hub is designed to foster discussion about corporate governance and the reform of culture and behavior in the financial services industry.

Press Release

# Short- and Medium-Term Inflation Expectations Increase; Labor Market Expectations Improve

October 07, 2026 [...] The average perceived probability of missing a minimum debt payment over the next three months decreased by 1.0 percentage point to 12.2%, falling below its 12-month trailing average of 12.7%.
 The median expectation regarding a year-ahead change in taxes at current income level increased by 0.2 percentage point to 3.7%, its highest reading since December 2025.
 Median year-ahead expected growth in government debt increased by 0.2 percentage point to 9.9%, remaining above its 12-month trailing average of 9.1%.
 The mean perceived probability that the average interest rate on savings accounts will be higher in 12 months increased by 1.5 percentage points to 30.3%, its highest reading since October 2023.",0.82391036,"Wed, 07 Oct 2026 15:00:00 GMT",https://www.newyorkfed.org/newsevents/news/research/2026/20261007
2026-10-08T13:02:08.721312+00:00,latest US macroeconomic news Federal Reserve inflation employment October 2026,United States Fed Funds Interest Rate,https://tradingeconomics.com/united-states/interest-rate,"at 2.3%. Core inflation is also seen up in 2026 (3.4% vs 3.3%) but the forecast was left at 2.5% for 2027. The unemployment rate is now projected at 4.1% in both 2026 and 2027, down from the previous forecast of 4.3% for both years.more [...] ## Most Fed policymakers judged that another increase in the target range for the federal funds rate would likely be appropriate by year-end. However, they emphasized that they approached each meeting with an open mind and that future decisions would depend on incoming economic data, its implications for the outlook, and the balance of risks, according to the minutes of the September 15–16, 2026 FOMC meeting. Minutes also showed that all policymakers supported raising the target range for the federal funds rate by 25bps to 3.75%-4%. Participants generally emphasized that inflation remained elevated while the labor market appeared to be near full employment, with some signs of strengthening, and that economic activity was expanding at a solid pace. Furthermore, almost all participants [...] Most Fed policymakers judged that another increase in the target range for the federal funds rate would likely be appropriate by year-end. However, they emphasized that they approached each meeting with an open mind and that future decisions would depend on incoming economic data, its implications f...or the outlook, and the balance of risks, according to the minutes of the September 15–16, 2026 FOMC meeting. Minutes also showed that all policymakers supported raising the target range for the federal funds rate by 25bps to 3.75%-4%. Participants generally emphasized that inflation remained elevated while the labor market appeared to be near full employment, with some signs of strengthening, and that economic activity was expanding at a solid pace. Furthermore, almost all participants",0.72675586,"Mon, 13 Apr 2026 10:17:03 GMT",https://tradingeconomics.com/united-states/interest-rate
2026-10-08T13:02:08.721312+00:00,latest US macroeconomic news Federal Reserve inflation employment October 2026,Federal Reserve Monetary Policy | U.S. Bank,https://www.usbank.com/investing/financial-perspectives/market-news/federal-reserve-tapering-asset-purchases.html,"Rising oil prices drove inflation and Treasury yields higher so far this year.

   Markets expect additional Federal Reserve rate hikes through mid-2027.

The Federal Reserve (Fed) influences borrowing costs, savings returns and financial conditions across the economy. Congress directs the Fed to pursue maximum employment and stable prices, goals commonly known as its dual mandate. The Fed’s September decision renewed its emphasis on controlling inflation while employment and consumer spending remained resilient. [...] Source: U.S. Federal Reserve, September 16, 2026.

Current labor data indicate that the economy remains near maximum employment. The Bureau of Labor Statistics’ August employment report showed the unemployment rate standing at 4.1%, employers adding an average of 80,000 jobs each month this year and weekly initial jobless claims remaining near all-time lows.1 These positive labor market conditions are allowing policymakers to focus more directly on inflation.

Image 5: Chart depicts initial jobless claims (non-seasonally adjusted) from 2023 through 2026.

Sources: U.S. Bank Asset Management Group Research, Bloomberg; January 1, 2023 – September 4, 2026. 

## Fed policy shifts toward higher interest rates [...] ### What did the Federal Reserve do on September 16, 2026?

The Federal Open Market Committee unanimously raised the federal funds target range by 0.25 percentage point to 3.75%–4.00%. The increase marked the first Fed rate hike in more than three years. Policymakers emphasized their commitment to returning inflation to the 2% target while consumer spending and employment remained resilient.

### Why did the Fed raise interest rates in September?",0.60694176,"Fri, 18 Sep 2026 18:05:00 GMT",https://www.usbank.com/investing/financial-perspectives/market-news/federal-reserve-tapering-asset-purchases.html
2026-10-08T13:02:08.721312+00:00,latest US macroeconomic news Federal Reserve inflation employment October 2026,"September 16, 2026: FOMC Projections materials, accessible version",https://www.federalreserve.gov/monetarypolicy/fomcprojtabl20260916.htm,"In conjunction with the Federal Open Market Committee (FOMC) meeting held on September 15–16, 2026, meeting participants submitted their projections of the most likely outcomes for real gross domestic product (GDP) growth, the unemployment rate, and inflation for each year from 2026 to 2029 and over the longer run. Each participant's projections were based on information available at the time of the meeting, together with her or his assessment of appropriate monetary policy—including a path for the federal funds rate and its longer-run value—and assumptions about other factors likely to affect economic outcomes. The longer-run projections represent each participant's assessment of the value to which each variable would be expected to converge, over time, under appropriate monetary policy [...] | PCE inflation | 3.7 | 2.3 | 2.1 | 2.0 | 2.0 | 3.5–3.7 | 2.2–2.5 | 2.0–2.2 | 2.0 | 2.0 | 2.9–3.8 | 2.0–2.6 | 2.0–2.2 | 2.0 | 2.0 |
| June projection | 3.6 | 2.3 | 2.0 |  | 2.0 | 3.5–3.7 | 2.2–2.5 | 2.0–2.1 |  | 2.0 | 2.7–4.1 | 1.9–2.8 | 2.0–2.3 |  | 2.0 |
| Core PCE inflation4 | 3.4 | 2.5 | 2.2 | 2.0 |  | 3.3–3.4 | 2.3–2.6 | 2.0–2.2 | 2.0 |  | 2.8–3.5 | 2.1–2.7 | 2.0–2.3 | 2.0–2.1 |  |
| June projection | 3.3 | 2.5 | 2.1 |  |  | 3.2–3.5 | 2.3–2.6 | 2.0–2.2 |  |  | 2.6–3.5 | 2.0–3.0 | 2.0–2.4 |  |  |
| Memo: Projected appropriate policy path |
| Federal funds rate | 4.1 | 4.1 | 3.9 | 3.6 | 3.2 | 4.1–4.4 | 3.6–4.4 | 3.1–4.1 | 3.1–3.6 | 3.0–3.6 | 3.9–4.4 | 3.1–4.4 | 3.1–4.1 | 2.9–3.9 | 2.9–3.9 | [...] to converge, over time, under appropriate monetary policy and in the absence of further shocks to the economy. ""Appropriate monetary policy"" is defined as the future path of policy that each participant deems most likely to foster outcomes for economic activity and inflation that best satisfy his or her individual interpretation of the statutory mandate to promote maximum employment and price stability.",0.49040702,"Wed, 16 Sep 2026 18:00:27 GMT",https://www.federalreserve.gov/monetarypolicy/fomcprojtabl20260916.htm
2026-10-08T13:02:08.721312+00:00,latest US macroeconomic news Federal Reserve inflation employment October 2026,On... - Board of Governors of the Federal Reserve System,https://www.facebook.com/federalreserve/posts/on-october-1-2026-governor-waller-gave-remarks-on-federal-reserve-economic-data-/1527136669443654,"## Board of Governors of the Federal Reserve System's Post

### Board of Governors of the Federal Reserve System

a day ago1d  ·

On October 1, 2026, Governor Waller gave remarks on Federal Reserve economic data at the Federal Reserve Bank of St. Louis:",0.4797236,"Sat, 03 Oct 2026 01:00:00 GMT",https://www.facebook.com/federalreserve/posts/on-october-1-2026-governor-waller-gave-remarks-on-federal-reserve-economic-data-/1527136669443654
2026-10-08T13:02:08.721312+00:00,latest US CPI inflation Federal Reserve interest rates economic outlook October 2026,Economic Outlook: Inflation’s Next Move May Surprise Investors | Morningstar,https://www.morningstar.com/economy/whats-ahead-2027-beyond-inflation-fed-rate-cuts-more,"But based on our forecasts for inflation, GDP growth, and unemployment, we expect the Fed to return to cutting after this year. We expect three cuts in 2027 and two more in 2028. Netting out the expected 2026 hike with the 2027 and 2028 cuts, that’s a cumulative 1 percentage point reduction to the federal-funds rate. That will bring the fed-funds rate to a target range of 2.50%-2.75% at the end of 2028, down from 3.50%-3.75% currently.

#### Federal-Funds Rate Expectations [...] Morningstar

## Table of Contents

# What’s Ahead in 2027 and Beyond for Inflation, Fed Rate Cuts, and More

A lone rate hike this year will give way to large rate cuts in 2027 and 2028.

Collage with factory, plane, computer, tire, and shopping bag to represent the state of economy.

It looks likely now that the Federal Reserve will return to hiking interest rates this fall. But we don’t expect this to last for long. In fact, we expect the Fed to return to rate cuts in 2027 and 2028, as inflation cools and economic growth slows. Lower interest rates will enable gross domestic product growth to reaccelerate in the later years of our forecast.

## GDP Growth to Slow Further Through 2027 [...] ## Rate Cuts Still Coming, but a Near-Term Increase Is Now Likely

The futures market is now expecting two federal-funds rate hikes for the remainder of 2026. We wouldn’t go this far, partly because we think this reflects an overreaction to the turnaround in the labor market data as well as hotter core inflation in the first half of 2026.

But we do now expect one hike of 25 basis points this year (in September), whereas previously we expected flat rates. That’s because we can discern a hawkish shift in the mindset of Fed officials, as seen in the June FOMC meeting minutes.",0.6350646,"Tue, 14 Jul 2026 18:59:19 GMT",https://www.morningstar.com/economy/whats-ahead-2027-beyond-inflation-fed-rate-cuts-more
2026-10-08T13:02:08.721312+00:00,latest US CPI inflation Federal Reserve interest rates economic outlook October 2026,"Fed Raises Rates in September, Officials Signal One More Hike in 2026 | Chase",https://www.chase.com/personal/investments/learning-and-insights/article/federal-reserve-raises-rates-officials-signal-one-more-hike-in-2026,"The Federal Reserve Bank of New York’s Survey of Consumer Expectations is scheduled for release on October 7. Expectations can influence behavior: If people start to expect higher inflation, for example they may demand higher wages or raise prices, which in turn can make inflation harder to bring down.Footnote 17 Opens overlay
   The September CPI report is scheduled for release on October 14. This widely followed snapshot of household inflation can quickly shape market expectations for where Fed policy goes next.Footnote 18 Opens overlay [...] The Federal Reserve (Fed) raised interest rates by a quarter percentage point, taking the target range of the federal funds rate to 3.75% to 4.00%, as many expected.
   The vote was unanimous, with all 12 members of the FOMC favoring the rate hike.
   The September Summary of Economic Projections’ dot plot showed the median FOMC member expecting an additional 25 basis point rate hike in 2026.
   Fed Chair Kevin Warsh held a brief press conference offering limited forward guidance, as expected, though he did emphasize that inflation remains too high and that the Fed is serious about delivering price stability.
   The practical takeaways for investors: Borrowing costs may stay elevated, cash yields may remain attractive, and what comes next depends on inflation and jobs data. [...] The Federal Reserve raised interest rates by a quarter percentage point at its September Federal Open Market Committee (FOMC) meeting, lifting the benchmark federal funds rate to a target range of 3.75% to 4.00%.Footnote 1 Opens overlay The committee voted unanimously to hike rates, as policymakers weighed ongoing inflation risks against a labor market that remains relatively resilient. The decision matters because it can influence borrowing costs and savings rates across the economy.",0.5450684,"Thu, 17 Sep 2026 00:00:00 GMT",https://www.chase.com/personal/investments/learning-and-insights/article/federal-reserve-raises-rates-officials-signal-one-more-hike-in-2026
2026-10-08T13:02:08.721312+00:00,latest US CPI inflation Federal Reserve interest rates economic outlook October 2026,Firm Inflation Reading Pushes Fed Closer to a Rate Increase - WSJ,https://www.wsj.com/economy/cpi-inflation-report-august-2026-e2b1e5e7,"Copyright ©2026 Dow Jones & Company, Inc. All Rights Reserved. 87990cbe856818d5eddac44c7b1cdeb8",0.52422476,"Fri, 11 Sep 2026 12:33:00 GMT",https://www.wsj.com/economy/cpi-inflation-report-august-2026-e2b1e5e7
2026-10-08T13:02:08.721312+00:00,latest US CPI inflation Federal Reserve interest rates economic outlook October 2026,CPI inflation report August 2026:,https://www.cnbc.com/2026/09/11/cpi-inflation-report-august-2026.html,"Heading into the CPI release, markets already were pricing in a nearly 70% probability that the central bank would vote to increase its benchmark interest rate by a quarter percentage point.

However, there have been differing views on which way the rate-setting Federal Open Market Committee will tilt, with some speculating that the difference could come down to hundredths of a percentage point in the CPI reading.

Chairman Kevin Warsh has expressed a commitment to getting inflation back down to the Fed's 2% target and said recently that if the numbers don't improve, ""we have work to do."" His comments were widely interpreted as advocating a rate hike, though several key officials over the past few weeks have counseled a more patient approach. [...] ""Chair Warsh and others signaled that interest rates can remain on hold only if disinflation continues and today's August report did not deliver that,"" said Kathy Bostjancic, chief economist at Nationwide. ""Further, the renewed march higher in oil, gasoline and diesel prices add to concerns that higher energy prices could spill over to other goods and services and inflation expectations.""

Nationwide now expects a quarter-point hike next week. The fed funds rate, a benchmark for multiple consumer loans, is currently pegged in a range of 3.5%-3.75%, where it has been for all of 2026. [...] Energy propelled the headline number higher, as gasoline prices jumped 3.9%, accounting for more than one-third of the index's gain. The energy index broadly rose 2.1% amid pressure from escalating tensions in the Middle East and was up 16.3% from a year ago. Gasoline rose 27.4% and fuel oil surged 52% on a 12-month basis.

Food prices edged 0.1% higher as food at home costs held flat. The food index accelerated 2.7% annually.

Another significant factor was a 0.3% climb in shelter costs, which had moderated over the prior two months. Transportation services saw a 0.5% increase. Used cars and trucks rose 0.4% and new vehicle prices were up 0.3%, part of what appeared to be broad-based gains for the index. Tariff-sensitive apparel prices were flat and motor vehicle insurance fell 0.8%.",0.477969,"Fri, 11 Sep 2026 12:32:19 GMT",https://www.cnbc.com/2026/09/11/cpi-inflation-report-august-2026.html
2026-10-08T13:02:08.721312+00:00,latest US CPI inflation Federal Reserve interest rates economic outlook October 2026,Breaking Down Inflation Under Trump vs. Biden,https://smartasset.com/retirement/inflation-under-trump-vs-biden,"Trump’s term from 2017 to 2020 saw inflation average about 1.9%, with price growth relatively stable amid low interest rates and modest economic expansion. 1  Biden’s four years, by contrast, produced an average annual inflation rate near 5%, reflecting a sharp post-pandemic surge followed by gradual cooling as the Federal Reserve raised interest rates.

| Year | President | Average Inflation Rate |
 --- 
| 2026 | Trump | 3.3% (through July) |
| 2025 | Trump | 2.6%\ |
| 2024 | Biden | 2.9% |
| 2023 | Biden | 4.1% |
| 2022 | Biden | 8% |
| 2021 | Biden | 4.7% |
| 2020 | Trump | 1.2% |
| 2019 | Trump | 1.8% |
| 2018 | Trump | 2.4% |
| 2017 | Trump | 2.1% |

Source: US Inflation Calculator 2   
  
\ Doesn’t include October 2025 data. [...] ## Inflation During Trump’s Second Term

Trump’s second-term economic agenda has included a broad expansion of import tariffs, including a higher general tariff rate on many imports and steeper duties on selected countries and sectors. Economists have generally warned that tariffs can put upward pressure on consumer prices, though the full inflationary effect depends on how much of the cost is absorbed by companies, passed to consumers or offset by other factors.

Inflation has remained above the Federal Reserve’s 2% target during much of Trump’s second term. The Consumer Price Index rose 3.4% over the 12 months ending in July 2026, down from 3.5% in June and 4.2% in May, according to the Bureau of Labor Statistics. 3",0.434102,"Wed, 26 Aug 2026 00:00:00 GMT",https://smartasset.com/retirement/inflation-under-trump-vs-biden
2026-10-08T13:02:08.721312+00:00,latest US employment jobs payrolls economic outlook October 2026,PREVIEW: US September jobs data is due on 2nd October 2026 at 13:30BST/08:30EDT | Newsquawk,https://www.newsquawk.com/headlines/preview-us-september-jobs-data-is-due-on-2nd-october-2026-at-1330bst0830edt,"BUSINESS SURVEYS: S&P Global’s flash PMI report for September noted that labour market conditions strengthened markedly. At the composite level, employment rose at the fastest rate since June 2022, a pace rarely exceeded since comparable data began in 2009. Firms hired to tackle backlogs of work, which grew at the sharpest rate since May 2022. In the services sector, payrolls increased at the quickest pace since June 2022. Manufacturing jobs growth was the strongest since February 2021, and employment was one of the five components that lifted the headline Manufacturing PMI. However, companies also reported growing difficulty finding suitable staff. Wage pressures were also cited as having picked up in many cases, adding to higher fuel and transport costs. Meanwhile, the ISM manufacturing [...] CONSUMER CONFIDENCE: The Conference Board’s gauge of consumer confidence saw views of the labour market softening in September. The share saying jobs were “plentiful” slipped to 23.6 (from 24.5), while those saying jobs were “hard to get” rose to 21.9 (from 20.3); that narrowed the labour market differential by 2.5 points to just +1.7. Meanwhile, the outlook worsened further: 28.4 expected fewer jobs over the next six months (vs 26.1 previously), while 14.0 expected more (vs prev. 14.8); net expectations fell 3.1 points to -14.4. Regarding pay metrics, consumers still expect household incomes to rise ahead, but less so, with net expectations down 3.0 points to +2.5. [...] FED POLICY: Since the September FOMC meeting, Fed officials have broadly described the labour market as stable and close to full employment; Barr, Collins and Williams said risks to employment have receded, while Goolsbee said business contacts were seeing tighter conditions. Barkin was more cautious, noting slow job growth and a market that is not particularly tight. Musalem continues to argue that the labour market is not a source of inflation pressure. Policymakers’ focus is firmly on the inflation side of the mandate, which officials describe as persistent, broad-based and increasingly demand-driven. Policymakers like Barr, Musalem and Paulson have signalled further hikes may be needed; Williams sees another hike by year-end as reasonable, and Collins has also pencilled in one more",0.7959917,"Fri, 02 Oct 2026 07:00:00 GMT",https://www.newsquawk.com/headlines/preview-us-september-jobs-data-is-due-on-2nd-october-2026-at-1330bst0830edt
2026-10-08T13:02:08.721312+00:00,latest US employment jobs payrolls economic outlook October 2026,"US job growth slows, easing pressure on Fed to hike rates before midterms - POLITICO",https://www.politico.com/news/2026/10/02/jobs-report-fed-midterms-rates-01103543,"Skip to Main Content

# US job growth slows, easing pressure on Fed to hike rates before midterms

Employment gains last month came in below expectations, with previous estimates revised down.

By Cassandra Dumay

10/02/2026 09:36 AM EDT

Add POLITICO on Google

## Share

 X
 Facebook
 Email
 Reddit
 WhatsApp
 LinkedIn

U.S. employers added 29,000 jobs in September, a weaker-than-expected number that may take pressure off the Federal Reserve to raise interest rates later this month, just days before the midterm elections.

The Labor Department report released Friday signaled that the employment market isn’t as strong as some policymakers believed, with job growth estimates from the past two months revised downward and the unemployment rate notching up to 4.2%.",0.74004334,"Fri, 02 Oct 2026 13:36:00 GMT",https://www.politico.com/news/2026/10/02/jobs-report-fed-midterms-rates-01103543
2026-10-08T13:02:08.721312+00:00,latest US employment jobs payrolls economic outlook October 2026,US employment data: What to expect from September’s jobs report,https://www.firstpost.com/business/us-employment-data-what-to-expect-from-septembers-jobs-report-14049888.html,"Advertisement

US President Donald Trump addresses the 81st United Nations General Assembly at UN headquarters in New York City, US, September 22, 2026. Photo: Reuters File

FP Business Desk|Oct 02, 2026, 12:24:08 IST

The US labour market is expected to show slower job growth in September, with economists forecasting a gain of 90,000 nonfarm payrolls, down sharply from the 162,000 increase recorded in August.

The unemployment rate is expected to remain steady at 4.1 per cent for the third consecutive month, suggesting that the labour market remained relatively stable as the fourth quarter began.

The September employment report, due from the US Bureau of Labour Statistics, will be closely watched for clues about the Federal Reserve’s next interest rate decision. [...] ## Fed policy in focus

The jobs report comes after the Federal Reserve raised its benchmark interest rate by 25 basis points in September to a range of 3.75-4.00 per cent. Markets have since reduced expectations for another rate hike in October following cooler-than-expected inflation data.

The September jobs figures could therefore provide fresh clues about whether the Fed maintains its tightening stance or reassesses the outlook for interest rates.

Handpicked stories, in your inbox

Global stories. Indian perspective. Zero noise.

Subscribe Now)

No Spam. Unsubscribe Any Time.

### Tags

Global economyIndiaIndian Economy

First Published:Oct 02, 2026, 12:24:08 IST

 Home
 Business
 us employment data what to expect from septembers jobs report

Advertisement

Advertisement",0.7106489,"Fri, 02 Oct 2026 06:00:00 GMT",https://www.firstpost.com/business/us-employment-data-what-to-expect-from-septembers-jobs-report-14049888.html
2026-10-08T13:02:08.721312+00:00,latest US employment jobs payrolls economic outlook October 2026,"U.S. Employment Holds Steady in September as Economy Adds 29,000 Jobs | Hardware Retailing",https://hardwareretailing.com/u-s-employment-holds-steady-in-september-as-economy-adds-29000-jobs,"October 5, 2026

### Check Also

Prime Day alternatives

## Major Retailers to Compete With Amazon’s Prime Big Deal Days

As Amazon’s Prime Big Deal Days approach on Oct. 6-7, 2026, other major retailers are …

[](

2026 | Hardware Retailing

© NHPA. All rights reserved [...] ### About Annie Dameworth

Annie joined the NHPA staff in 2024 as a content development coordinator on the editorial team. Annie was born and raised in the Indianapolis area and graduated from Lipscomb University with a B.B.A. in Marketing. Her favorite hobbies include baking, photography, traveling and visiting coffee shops.

Previous Okanagan Hardware & Supply joins Home Hardware Network

### Related Articles

Do it Best board chair

### Do it Best Group Board Chair Reflect on Past Year and What’s Next

October 5, 2026

Home Depot new FDC

### The Home Depot Expands Pro Delivery Network

October 5, 2026

C2 Paint 2027 COTY

### C2 Paint Names Pueblo as 2027 Color of the Year

October 5, 2026

### Check Also

Prime Day alternatives",0.6829338,"Mon, 05 Oct 2026 15:43:18 GMT",https://hardwareretailing.com/u-s-employment-holds-steady-in-september-as-economy-adds-29000-jobs
2026-10-08T13:02:08.721312+00:00,latest US employment jobs payrolls economic outlook October 2026,"US added just 29,000 jobs in September in sharp drop from last month’s gains",https://www.theguardian.com/business/2026/oct/02/september-jobs-report,Final jobs report before the midterm elections also shows the US unemployment rate rose slightly to 4.2%. Gaya Gupta. Fri 2 Oct 2026 10.04,0.6811549,"Fri, 02 Oct 2026 13:00:00 GMT",https://www.theguardian.com/business/2026/oct/02/september-jobs-report
2026-10-08T13:02:08.721312+00:00,latest US stock market macroeconomic outlook Federal Reserve October 2026,"Stock Market Week Ahead (5-9 October 2026): Fed Minutes, ISM Services and Oil in Focus",https://www.bbntimes.com/global-economy/stock-market-week-ahead-5-9-october-2026-fed-minutes-ism-services-and-oil-in-focus,"Wall Street enters the week after a soft September jobs report cooled bets on another Fed hike. The minutes of the September FOMC meeting, Monday's ISM services data and oil headlines will set the tone before Q3 earnings season.

US stocks head into the week of 5 to 9 October 2026 with momentum on their side after Friday's rally, but with Treasury yields, crude oil and the Federal Reserve still dictating the market's direction. The economic calendar is lighter than in recent weeks, which means individual data points and central bank communication could carry outsized weight. [...] ## What Will Monday's ISM Services PMI Tell Investors?

The September ISM Services PMI, due at 10:00 Eastern Time on Monday, is the principal US macro release of the opening session. Previews point to a reading of about 55.1, slightly below August's 55.4 but still comfortably in expansion territory, with the S&P Global US Services PMI final reading also due the same day.

Because services make up the bulk of the US economy, a strong figure could reinforce yields by signalling resilient demand, while a softer number might be read as confirming the slowdown flagged by the jobs report. Traders will pay particular attention to the prices-paid component given the inflationary impact of high oil and diesel costs.

## Which Earnings Reports Are Due This Week? [...] ## Why Are the Fed Minutes the Week's Biggest Event?

On Wednesday, 7 October, the Fed publishes the minutes of its September meeting, at which policymakers raised interest rates for the first time in three years. Investors will scrutinise the document for the depth of support for further tightening, the committee's assessment of energy-driven inflation and any discussion of the risks posed by elevated long-term yields.

A dovish tone, suggesting officials were already uneasy about growth before the soft payrolls data, would likely support equities and weigh on the US dollar. A hawkish tone, emphasising inflation persistence and the need to keep options open, could revive hike bets and push yields back up, testing the resilience of Friday's rally.",0.8252664,"Sun, 04 Oct 2026 17:00:00 GMT",https://www.bbntimes.com/global-economy/stock-market-week-ahead-5-9-october-2026-fed-minutes-ism-services-and-oil-in-focus
2026-10-08T13:02:08.721312+00:00,latest US stock market macroeconomic outlook Federal Reserve October 2026,Fed raises US inflation outlook while lowering unemployment forecasts,https://www.aa.com.tr/en/economy/fed-raises-us-inflation-outlook-while-lowering-unemployment-forecasts/4059488,"news\_share

news\_share\_descriptionsubscription\_contact

subscription

contact\_the\_ombudsman

is\_there\_an\_error\_in\_this\_story

ombudsman\_apply\_button

## LATEST NEWS

### Morning Briefing: Oct. 5, 2026

### Foreigner among 2 missing after fishing vessel capsizes off Jeju Island in South Korea

### Iran threatens to target US bases, warships if Washington launches ground invasion

### World’s largest annual gathering dedicated to space opens in Türkiye’s Antalya

### Yemeni army says 1,747 Houthis ‘neutralized’ in over 1,100 military operations

### Myanmar says nearly 1,500 citizens repatriated from Malaysia

### US arrests woman accused of acting as unregistered Chinese agent

See All

Previous [...] The core measure, which excludes volatile food and energy prices, is expected to ease to 2.5% in 2027, 2.2% in 2028 and 2% in 2029.

The headline PCE inflation forecast for 2026 was also lifted by 0.1 percentage point to 3.7%. Inflation is projected to fall to 2.3% in 2027, 2.1% in 2028 and reach the Fed’s 2% target in 2029.

The upward revisions came despite upcoming methodological changes by the US Bureau of Economic Analysis that economists expect to mechanically lower measured core PCE inflation.

The changes, set to take effect with annual revisions Sept. 30, concern the measurement of prices for services including portfolio management, legal services and computer software.

The Fed, meanwhile, presented a stronger outlook for the labor market. [...] logo

logo

Economy

# Fed raises US inflation outlook while lowering unemployment forecasts

Core PCE inflation forecast for 2026 revised upward to 3.4%; unemployment rate projected to remain at 4.1% through 2029

Mucahithan Avcioglu

16 September 2026•Update: 16 September 2026

Content media

ISTANBUL

The US Federal Reserve raised its inflation forecasts for 2026 on Wednesday, while lowering unemployment projections, signaling persistent price pressures alongside a resilient labor market.

The median forecast for core personal consumption expenditures (PCE) inflation was raised to 3.4% for 2026 from 3.3% in June, according to the Fed’s latest Summary of Economic Projections.",0.68571854,"Wed, 16 Sep 2026 22:38:55 GMT",https://www.aa.com.tr/en/economy/fed-raises-us-inflation-outlook-while-lowering-unemployment-forecasts/4059488
2026-10-08T13:02:08.721312+00:00,latest US stock market macroeconomic outlook Federal Reserve October 2026,4 Reasons to Think US Inflation Will Come Back Down,https://global.morningstar.com/en-nd/economy/4-reasons-think-us-inflation-will-come-back-down,"We expect inflation to drop to 2.4% in 2027 and an average of 2.0% over 2028-30, according to our latest forecast. That decrease will be a key factor for the Federal Reserve to resume cutting interest rates, after raising them on Sept. 16.

Read more in our latest US economic outlook.
#### US Inflation Rate PCE (%)

Source: Bureau of Economic Analysis, Morningstar. Data as of Sept. 15, 2026.Download CSV.

## Here Are 4 Reasons Why We’re Optimistic About Inflation Falling

### 1) Tariff Impact Will Fade [...] Share

## More In Economy

See All

Image 5 ### Actually, AI Is Boosting US Interest Rates, Not Inflation The conventional wisdom misses the role of the Fed. Preston Caldwell Oct 1, 2026Image 6 ### Sweden’s Riksbank Holds Rates Steady, Signals Hikes This Year The Riksbank raised its rate path more than expected and says hikes could begin as soon as this year, as the economy strengthens and supply disruptions from the war in the Middle East persist. Jessica Laakso Sep 24, 2026Image 7 ### Norges Bank Hikes Interest Rates to 4.50%, Signals More to Come Norway’s central bank raises rates for the second time this year. Casper Damm Sep 24, 2026

## About the Author

Image 8

### Preston Caldwell

 Senior Economist 

More from Author [...] But markets continue to expect prices to recede heavily over the next year and beyond. Futures prices for October 2027 stand at USD 72 per barrel. If that plays out, then prices at the pump will fall drastically over the next year, providing a deflationary impulse next year just as it provided an inflationary one this year.

#### West Texas Intermediate Futures Prices

Source: CME. Data as of Sept. 16, 2026.Download CSV.

Admittedly, the futures market could be wrong. The market underestimated the duration of the conflict at the outset. Back in March, short-term prices spiked above USD 100 per barrel, but October 2026 futures were trading below USD 80 per barrel, implying the war would’ve been long resolved by now. Now October 2026 is trading above USD 100.",0.6326168,"Tue, 22 Sep 2026 06:00:00 GMT",https://global.morningstar.com/en-nd/economy/4-reasons-think-us-inflation-will-come-back-down
2026-10-08T13:02:08.721312+00:00,latest US stock market macroeconomic outlook Federal Reserve October 2026,Weekly stock market update | Edward Jones,https://www.edwardjones.ca/ca-en/market-news-insights/stock-market-news/stock-market-weekly-update,"Financial markets have delivered their own share of surprises in 2026. Long-term bond yields have reached multidecade highs, diesel prices have climbed to record levels, and the Federal Reserve reversed course by raising interest rates in September after both we and financial markets entered the year expecting multiple rate cuts. Yet, much like the continued presence of baseball’s perennial contenders in October, many of the fundamental forces supporting markets over the past year remain intact. Corporate profit growth remains robust, the global economy has proven resilient, and investment related to artificial intelligence continues to support economic growth and markets.",0.5917474,"Thu, 01 Oct 2026 20:00:00 GMT",https://www.edwardjones.ca/ca-en/market-news-insights/stock-market-news/stock-market-weekly-update
2026-10-08T13:02:08.721312+00:00,latest US stock market macroeconomic outlook Federal Reserve October 2026,Jobs report September 2026:,https://www.cnbc.com/2026/10/02/jobs-report-september-2026.html,"Market reaction was swift to the report, with traders interpreting the soft jobs numbers as good news as they likely further cemented the Federal Reserve staying put at its October meeting.

Stock futures rose sharply after the release while Treasury yields slumped after recently rising to levels not seen since the early part of the century. Market-implied odds that the Fed will hold rates steady at its Oct. 27-28 meeting jumped to 82.8%, according to the CME Group's FedWatch tool.

""For the Fed, this number should be the nail in the coffin for an October hike,"" Thomas Simons, chief U.S. economist at Jefferies, said in a note.",0.5345888,"Fri, 02 Oct 2026 12:31:42 GMT",https://www.cnbc.com/2026/10/02/jobs-report-september-2026.html
2026-10-08T13:02:08.721312+00:00,latest US macroeconomic conditions US economic news October 2026,US Economic Optimism Gauge Unexpectedly Increases — TradingView News,https://www.tradingview.com/news/te_news:589904:0-us-economic-optimism-gauge-unexpectedly-increases,"Trading Economics
Trading Economics

# US Economic Optimism Gauge Unexpectedly Increases

The RealClearMarkets/TIPP Economic Optimism Index rose to 46.8 in October 2026 from 45.6 in the previous month, ahead of market expectations that it would worsen to 44.5, marking the highest level since March.

The improvement was broad-based across all sections of the survey, with the six-month outlook index rising to 42.7 from 41.3 in September.

Meanwhile, the personal financial outlook index rose to 53.4 from 52.7, and the gauge measuring confidence in federal economic policy rose to 44.4 from 42.9, despite the surge in volatility in Treasury securities.

## USEOI chart

## Latest news [...] ## USEOI chart

## Latest news

Select market data provided by ICE Data Services. Select reference data provided by FactSet. Copyright © 2026 FactSet Research Systems Inc.Copyright © 2026, American Bankers Association. CUSIP Database provided by FactSet Research Systems Inc. All rights reserved. SEC filings and other documents provided by Quartr.© 2026 TradingView, Inc.

Look First
Look First",0.8638634,"Tue, 06 Oct 2026 14:08:04 GMT",https://www.tradingview.com/news/te_news:589904:0-us-economic-optimism-gauge-unexpectedly-increases
2026-10-08T13:02:08.721312+00:00,latest US macroeconomic conditions US economic news October 2026,Economic Calendar: U.S. Jobless Claims and ECB Meeting Minutes in Focus (08.10.2026) | XTB,https://www.xtb.com/cy/market-analysis/news-and-research/economic-calendar-u-s-jobless-claims-and-ecb-meeting-minutes-in-focus-08-10-2026,"2:00 PM GMT – U.S.: Wholesale Sales m/m (previous: 0.8%).
 2:30 PM GMT – U.S.: EIA Natural Gas Storage Change (forecast: +82 Bcf; previous: +64 Bcf).
 3:30 PM GMT – U.S.: 4-Week Treasury Bill Auction (previous yield: 3.890%; bid-to-cover ratio: 2.830).
 5:00 PM GMT – U.S.: 30-Year Treasury Bond Auction (previous yield: 5.308%; bid-to-cover ratio: 2.610). [...] ## Central Bank Officials' Speeches

 8:05 AM GMT – SNB: Martin Schlegl speaks.
 9:15 AM GMT – BoE: Megan Greene speaks.
 10:00 AM GMT – ECB: Philip Lane speaks.
 10:30 AM GMT – BoE: Huw Pill speaks.
 12:15 PM GMT – BoE: Andrew Bailey speaks.
 1:00 PM GMT – BoE: Clare Lombardelli speaks.
 2:40 / 5:40 PM GMT – Fed: Alberto Musalem speaks.

Source: XTB

8 October 2026, 9:55 am

Chart of the Day 📉 DE40 Falls 0.7% and Tests Key Support Amid Weak European Market Sentiment (October 8, 2026)  

7 October 2026, 9:20 pm

Daily summary: Wall Street recovers losses despite a surge in yields 🗽 Gold and silver retreat  

7 October 2026, 9:07 pm

BREAKING: EURUSD with limited reaction to Fed Minutes from September meeting  

7 October 2026, 5:40 pm

Large decline in crude inventories 🛢️📉 [...] Prefer XTB on Google

Today's economic calendar is relatively light, with investors primarily focused on U.S. labor market data, the minutes from the European Central Bank's latest monetary policy meeting, and remarks from major central bank officials. This morning's German trade data showed weaker-than-expected export and import growth, while the trade surplus came in slightly above forecasts.

In the U.S., the key release will be weekly jobless claims, which could influence expectations for the Fed's next policy decisions amid persistent inflationary pressures. Comments from Fed, ECB and Bank of England officials may also attract attention, particularly against the backdrop of rising energy prices and the risk of further monetary tightening.",0.8173562,"Thu, 08 Oct 2026 07:00:00 GMT",https://www.xtb.com/cy/market-analysis/news-and-research/economic-calendar-u-s-jobless-claims-and-ecb-meeting-minutes-in-focus-08-10-2026
2026-10-08T13:02:08.721312+00:00,latest US macroeconomic conditions US economic news October 2026,Market Pulse October,https://am.gs.com/en-us/advisors/insights/article/market-pulse,"## Macro Views

Image 5: Growth

Growth

The cyclical impulse from a trillion dollars in cumulative AI capex and trillions more in government spending has been evident in the global activity pickup. Led by strong industrial and manufacturing activity, Q3 GDP growth is tracking 3.4% in the US, 0.8% in the Euro area, and 4% in China. We expect modest acceleration in 2027 as energy headwinds fade and consumer spending adds to robust corporate investment.

Image 6: Inflation

Inflation [...] Image 6: Inflation

Inflation

Core is close to target in most countries but still notably higher in the US, where goods inflation remains elevated due to boosts from tariffs and tech-flation while services have largely normalized. Goods inflation elsewhere has returned to long-run trends due to increased Chinese goods supply, while service, shelter, and labor prices pressure more in non-US DMs.

Image 7: Monetary Policy

Monetary Policy

Our forecasts are on the dovish side of market pricing as we expect inflation normalization to continue. We anticipate one more hike this year from the FOMC, ECB, and BoE, and then a pause to watch the data. Further hikes in 2027 would likely require a material acceleration in prices, jobs, and/or growth. [...] Source: Bloomberg and Goldman Sachs Asset Management. As of September 30, 2026. Chart shows the tax-equivalent yield (TEY) curves for US Treasury bonds and AA municipal bonds at a tax rate of 37%.

Municipal bonds may offer attractive tax-equivalent yields and steeper curves relative to Treasuries. We believe a focus on income and active yield curve positioning may help muni investors navigate potential volatility. SMAs may offer structural advantages given customization, tax-loss harvesting, and the potential downside protection of owning bonds to maturity. Elevated supply and headline-driven volatility may remain, but a resilient economy and healthy reserve balances continue to put municipalities in a strong position in our view.

Author(s)

Image 16: Avatar

Candice Tse",0.7644879,"Tue, 06 Oct 2026 00:00:00 GMT",https://am.gs.com/en-us/advisors/insights/article/market-pulse
2026-10-08T13:02:08.721312+00:00,latest US macroeconomic conditions US economic news October 2026,US stocks slide as oil prices fluctuate over renewed Iran war fears | Business and Economy News | Al Jazeera,https://www.aljazeera.com/news/2026/10/8/us-stocks-slide-as-oil-prices-fluctuate-over-renewed-iran-war-fears,"Live

Live

News|Business and Economy

# US stocks slide as oil prices fluctuate over renewed Iran war fears

Oil prices rose on fresh concerns about Middle East supplies, before falling over possible release of more reserves.

Save

Share

Traders work on the floor at the New York Stock Exchange

Traders work on the floor at the New York Stock Exchange [File: Jeenah Moon/Reuters]



By Adam Hancock, AFP and Reuters

Published On 8 Oct 20268 Oct 2026

US financial markets have been whipsawed as bond market fears grow, pushing Treasury yields to their highest levels in more than 20 years, and oil prices continue to fluctuate, despite the Nasdaq and S&P 500 hitting record peaks.",0.7393665,"Thu, 08 Oct 2026 00:33:03 GMT",https://www.aljazeera.com/news/2026/10/8/us-stocks-slide-as-oil-prices-fluctuate-over-renewed-iran-war-fears
2026-10-08T13:02:08.721312+00:00,latest US macroeconomic conditions US economic news October 2026,US economic forecast | Deloitte Insights,https://www.deloitte.com/us/en/insights/topics/economy/us-economic-forecast/united-states-outlook-analysis.html,"We assume that the average US tariff rate falls to about 5% by early next year, as additional exemptions are granted and courts limit the scope of certain tariffs. Geopolitical tensions also moderate, reducing pressure on commodity prices. Oil prices are expected to stay below the baseline, with Brent crude averaging US$86 per barrel in 2026 and US$67 per barrel in 2027. Stronger net migration results in the adult population being roughly 868,000 higher than in the baseline by 2031. Business investment, supported largely by AI-related activity, remains stronger than in the baseline throughout the forecast period, while AI-related productivity gains are assumed to begin providing a larger boost to growth starting in 2028. [...] In this scenario, we assume an equity-market correction of 35%, bringing the cyclically adjusted price-to-earnings ratio down to its average between 2003 and 2005. Beginning in the third quarter of 2027, business investment declines about 12% over the course of two years, pushing investment levels down to where they were roughly three years prior to the contraction. Default rates rise on the rapidly growing debt that was issued to finance the AI buildout. This initially contributes to a broad tightening of financial conditions as loans are written down and lenders become more risk-averse. [...] This modest pace of employment growth is still likely stronger than the growth of the US working-age population, which the Census Bureau projects to be unchanged in 2026 and 2027. Such a weak demographic outlook is one reason why we anticipate employment growth to moderate, while remaining positive through the end of 2027. The working-age population, along with employment, is expected to modestly accelerate from 2028 through 2031. We anticipate employment growth in 2031 will be 0.1 percentage point higher than our June forecast.

A slowdown in employment growth along with more modest declines in the workforce participation rate will allow the unemployment rate to drift upward from an expected 4.2% average in 2026 to 4.3% in 2028.",0.528461,"Wed, 30 Sep 2026 14:41:19 GMT",https://www.deloitte.com/us/en/insights/topics/economy/us-economic-forecast/united-states-outlook-analysis.html
2026-10-08T13:02:08.721312+00:00,latest US monetary policy US economic news October 2026,The US economy and monetary policy | Bank for International Settlements,https://www.bis.org/speeches/20261007-us-economy-and-monetary-policy,"# The US economy and monetary policy

By

Philip N Jefferson

PDF (18 Pages)"")

###### Type

###### Subtype

Central banker's speech

###### Date delivered

7 October 2026

###### Country

United States

###### Topics

Speech by Mr Philip N Jefferson, Vice Chair of the Board of Governors of the Federal Reserve System, at the Darden School of Business, University of Virginia, Charlottesville, Virginia, 1 October 2026.",0.8380581,"Wed, 07 Oct 2026 12:00:00 GMT",https://www.bis.org/speeches/20261007-us-economy-and-monetary-policy
2026-10-08T13:02:08.721312+00:00,latest US monetary policy US economic news October 2026,Speech by Vice Chair Jefferson on the U.S. economy and monetary policy - Federal Reserve Board,https://www.federalreserve.gov/newsevents/speech/jefferson20261001a.htm,"Money Stock and Reserve Balances

Other

Regulations

Supervision & Enforcement

Community Development

Research & Analysis

Resources for Consumers

## Speech

October 01, 2026

### The U.S. Economy and Monetary Policy

Vice Chair Philip N. Jefferson

At the Darden School of Business, University of Virginia, Charlottesville, Virginia",0.7380092,"Thu, 01 Oct 2026 13:00:00 GMT",https://www.federalreserve.gov/newsevents/speech/jefferson20261001a.htm
2026-10-08T13:02:08.721312+00:00,latest US monetary policy US economic news October 2026,Hutchins Center Fiscal Impact Measure | Brookings,https://www.brookings.edu/articles/hutchins-center-fiscal-impact-measure,"U.S. President Donald Trump signs an executive order in the Oval Office at the White House in Washington, D.C.

Regulatory Policy   Tracking regulatory changes in the second Trump administration  

October 7, 2026

Strengthening the resilience and liquidity of the US Treasury market 

Upcoming Event

November 17

Federal Fiscal & Tax Policy   Strengthening the resilience and liquidity of the US Treasury market  

The Brookings Institution, Washington D.C.

Tuesday, 9:30 am - 11:30 am EST [...] The Brookings Institution is committed to quality, independence, and impact. We are supported by a diverse array of funders. In line with our values and policies, each Brookings publication represents the sole views of its author(s).

More On

 U.S. Economy 

  Sub-Topics

  Economic Indicators Federal Fiscal & Tax Policy State & Local Finance

Program

Economic Studies

Center

The Hutchins Center on Fiscal and Monetary Policy

The $10 trillion question: Financing the AI buildout 

aerial picture of a data center

U.S. Economy   The $10 trillion question: Financing the AI buildout  

Janice C. Eberly, Jón Steinsson, Aaron Klein, Stijn Van Nieuwerburgh

October 8, 2026

Tracking regulatory changes in the second Trump administration",0.65676886,"Wed, 30 Sep 2026 00:00:00 GMT",https://www.brookings.edu/articles/hutchins-center-fiscal-impact-measure
2026-10-08T13:02:08.721312+00:00,latest US economic outlook US economic news October 2026,United States Calendar,https://tradingeconomics.com/united-states/calendar,"| Thursday October 15 2026 | | | Actual | Previous | Consensus | Forecast |  |  |
 ---  ---  ---  --- 
| Thursday October 15 2026 | | | Actual | Previous | Consensus | Forecast |  |  |
 ---  ---  ---  --- 
| 12:30 PM | |  |  |  --- | |  | US | | PPI MoM SEP |  | 0.4% |  | 0.5% |  |  |  |
| 12:30 PM | |  |  |  --- | |  | US | | Core PPI MoM SEP |  | 0.2% |  | 0.3% |  |  |  |
| 12:30 PM | |  |  |  --- | |  | US | | Initial Jobless Claims OCT/10 |  | 197K |  |  |  |  |  |
| 12:30 PM | |  |  |  --- | |  | US | | NY Empire State Manufacturing Index OCT |  | 7.60 |  | 7 |  |  |  |
| 12:30 PM | |  |  |  --- | |  | US | | Philadelphia Fed Manufacturing Index OCT |  | 37.8 |  | 31 |  |  |  |
| 12:30 PM | |  |  |  --- | |  | US | | Retail Sales Control Group MoM SEP |  | 1.4% |  | 0.2% |  |  |  | [...] | 08:30 PM | |  |  |  --- | |  | US | | Reserve Balances with Fed Banks 20261028 |  |  |  |  |  |  |  |
| Friday October 30 2026 | | | Actual | Previous | Consensus | Forecast |  |  |
 ---  ---  ---  --- 
| Friday October 30 2026 | | | Actual | Previous | Consensus | Forecast |  |  |
 ---  ---  ---  --- 
| 01:30 PM | |  |  |  --- | |  | US | | Employment Cost - Benefits QoQ Q3 |  | 1% |  |  |  |  |  |
| 01:30 PM | |  |  |  --- | |  | US | | Employment Cost - Wages QoQ Q3 |  | 0.9% |  |  |  |  |  |
| 01:30 PM | |  |  |  --- | |  | US | | Employment Cost Index QoQ Q3 |  | 0.9% |  | 0.6% |  |  |  |
| 01:45 PM | |  |  |  --- | |  | US | | Chicago PMI OCT |  | 58.8 |  |  |  |  |  |
| 05:00 PM | |  |  |  --- | |  | US | | Baker Hughes Oil Rig Count OCT/30 |  |  |  |  |  |  |  | [...] | 05:00 PM | |  |  |  --- | |  | US | | Baker Hughes Total Rigs Count OCT/30 |  |  |  |  |  |  |  |
| Monday November 02 2026 | | | Actual | Previous | Consensus | Forecast |  |  |
 ---  ---  ---  --- 
| Monday November 02 2026 | | | Actual | Previous | Consensus | Forecast |  |  |
 ---  ---  ---  --- 
| 02:00 PM | |  |  |  --- | |  | US | | ISM Manufacturing PMI OCT |  | 54.5 |  |  |  |  |  |
| 02:00 PM | |  |  |  --- | |  | US | | ISM Manufacturing Employment OCT |  | 52.7 |  |  |  |  |  |
| 02:00 PM | |  |  |  --- | |  | US | | ISM Manufacturing New Orders OCT |  | 55.3 |  |  |  |  |  |
| 02:00 PM | |  |  |  --- | |  | US | | ISM Manufacturing Prices OCT |  | 77.9 |  |  |  |  |  |
| 03:00 PM | |  |  |  --- | |  | US | | Atlanta Fed GDPNow Q4 |  |  |  |  |  |  |  |",0.8622012,"Thu, 08 Oct 2026 10:00:00 GMT",https://tradingeconomics.com/united-states/calendar
2026-10-08T13:02:08.721312+00:00,latest US economic outlook US economic news October 2026,2026 Kansas City Economic Outlook - Federal Reserve Bank of Kansas City,https://www.kansascityfed.org/events/2026-kc-economic-outlook,"About
 Speeches
 News
 Money Museum
 Careers

Kansas City Fed Logo

Federal Reserve Bank of Kansas City Kansas City Fed Denver  /  Oklahoma City  /  Omaha

# 2026 Kansas City Economic Outlook

Friday, October 9, 2026    8:00 a.m.  –   2:00 p.m. , US/Central   Kansas City Office, 1 Memorial Drive, Kansas City, MO

In partnership with the Mid-America Regional Council (MARC), the Federal Reserve Bank of Kansas City invites you to join for the Kansas City Economic Outlook Conference. This event will provide business and community leaders in the Kansas City area with timely insights and understanding of current economic conditions, namely those impacting regional and industry growth.

 Agenda
 Registration

## About This Event [...] Agenda
 Registration

## About This Event

This forum is hosted by the Federal Reserve Bank of Kansas City in partnership with the Mid-America Regional Council (MARC). This program will include a panel of Kansas City manufacturing executives speaking on key investment areas taking place in Kansas City. It will also include economic updates from experienced economists and experts from the Federal Reserve and MARC.

## Who Should Attend?

Business and community leaders in the Kansas City area.

## Share Article:

## Agenda

### Oct. 9, 2026

8:00 a.m.

#### Registration and Breakfast

8:30 a.m.

#### Welcome and Opening Remarks

##### Jeffrey Schmid

  | Speaker  President and Chief Executive Officer, Federal Reserve Bank of Kansas City

##### Jeremy Hill [...] 2:00 p.m.

### Registration

Register Here

Registration deadline: October 1, 2026 Cost: 50.00",0.7940821,"Thu, 01 Oct 2026 13:00:00 GMT",https://www.kansascityfed.org/events/2026-kc-economic-outlook
2026-10-08T13:02:08.721312+00:00,latest US economic outlook US economic news October 2026,Our economic outlook for the United States | Vanguard,https://corporate.vanguard.com/content/corporatesite/us/en/corp/vemo/vemo-united-states.html,"Josh Hirt

Josh Hirt,  
 Vanguard Senior U.S. Economist

Growth continues to demonstrate resilience, with activity tracking at a pace consistent with an economy expanding above 2%. Business investment remains a notable source of strength. Investment ran at a 9.6% pace through the second quarter, exceeding our strong expectations coming into the year by over 2 percentage points. We expect this capital expenditure cycle to remain an important contributor to growth through 2027. Consumer spending is also evolving broadly in line with expectations, supported by tax policy tailwinds and the continued benefits of elevated household wealth. Softer real income growth presents a potential headwind to consumption during the second half of the year. [...] ## United States economic forecasts

Notes: GDP growth is defined as the fourth-quarter-over-fourth-quarter change in real (inflation-adjusted) GDP in the forecast year compared with the previous year. Unemployment rate is as of December for each year. Core inflation is the year-over-year percentage change in the Personal Consumption Expenditures price index, excluding volatile food and energy prices, as of December for each year. Monetary policy is the upper end of the Federal Reserve’s target range for the federal funds rate at year-end.

Source: Vanguard.

A closer look

 2026: Our global outlook
 Our U.S. return forecasts
 Current U.S. valuations
 Our dynamic portfolios
 Our econ and market hub [...] # Our economic outlook for the United States

September 18, 2026

## Refining the monetary policy stance​

“The Fed raised its policy rate target at its September 16 meeting amid improved labor market conditions and a lack of clear progress on inflation. We anticipate another rate hike by year-end, which we view as a recalibration of policy and the removal of prior accommodation rather than the start of a more sustained tightening cycle at this point.”

Josh Hirt

Josh Hirt,  
 Vanguard Senior U.S. Economist",0.7715858,"Fri, 18 Sep 2026 00:00:00 GMT",https://corporate.vanguard.com/content/corporatesite/us/en/corp/vemo/vemo-united-states.html
2026-10-08T13:02:08.721312+00:00,latest US economic outlook US economic news October 2026,Global growth remains solid in a challenging environment | PIIE,https://www.piie.com/blogs/realtime-economics/2026/global-growth-remains-solid-challenging-environment,"Date

Photo Credit: REUTERS/Gonzalo Fuentes

Body

The global economy continues to expand at a solid pace, as the artificial intelligence (AI) boom helps cushion the effects of increased energy prices, inflation, and interest rates. Real global GDP is projected to rise 3.2 percent in 2026 and 3.1 percent in 2027, according to analysis presented at the Peterson Institute for International Economics Fall 2026 Global Economic Prospects event. Higher interest rates will be an important force holding back economic growth next year, with the drag tempered by a gradual retreat in energy prices. US economic growth remains healthy, powered by robust consumer spending and business investment. Real US GDP is projected to rise 2.3 percent this year and 2.2 percent next year. [...] Against this backdrop, US inflation is expected to retreat over the coming year as energy prices gradually decline and tighter monetary policy restrains demand. Core inflation is likely to fall more gradually than headline inflation, given the general persistence of nonhousing services inflation as well as upward pressure from lagged diesel cost pass-through and chip shortages. All told, the personal consumption expenditures (PCE) price index is projected to rise 3.7 percent over the four quarters of 2026, and core PCE prices are projected to rise 3.3 percent. PCE inflation is projected to moderate to 2.3 percent in 2027, while core PCE inflation eases to 2.7 percent.

## US fiscal risks are rising, though a crisis is not imminent",0.76490957,"Tue, 06 Oct 2026 17:05:41 GMT",https://www.piie.com/blogs/realtime-economics/2026/global-growth-remains-solid-challenging-environment
2026-10-08T13:02:08.721312+00:00,latest US economic outlook US economic news October 2026,Mixed economic signals emerge as inflation steadies but hiring slows before midterms,https://fox23.com/news/nation-world/mixed-economic-signals-emerge-as-inflation-steadies-but-hiring-slows-before-midterms-president-donald-trump-white-house-economic-advisor-steve-moore-middle-east-gasoline-prices-diesel-household-budgets,"A man is dead following a crash involving other vehicles in Adair County Tuesday evening.Christa Pike awake and speaking after failed execution, lawyers say

Christa Pike, who recently had an unsuccessful execution, is reportedly ""conscious, speaking, and continues to receive critical medical care.""Oklahoma in a Minute: October 6, 2026

Sergeant Michael Moore and K9 Dash have been named K9 Officers of the Year by the Oklahoma Attorney General’s Office.Supreme Court declines to hear former Tulsa officer Betty Jo Shelby’s appeal

The U.S. Supreme Court declined to hear former Tulsa Police Officer Betty Jo Shelby’s appeal in the case of Shelby v. Manning.On Her Mind: Life lessons become novel for a Tulsa businesswoman",0.75355774,"Wed, 07 Oct 2026 19:08:47 GMT",https://fox23.com/news/nation-world/mixed-economic-signals-emerge-as-inflation-steadies-but-hiring-slows-before-midterms-president-donald-trump-white-house-economic-advisor-steve-moore-middle-east-gasoline-prices-diesel-household-budgets
