trade_id,strategy_id,entry_time,target_pnl,target_return_pct,target_win,predicted_pnl,predicted_win,fold
e9d9a30b-9672-4013-9ad2-b0fc877db8e5,SMA_10_30,2015-03-17 00:00:00+00:00,-1.7239103460770195,-0.010073704661657,0,-0.5457384868121348,0,1
e39f9d36-0d4d-428f-ba3b-4b56eb551225,SMA_10_30,2015-04-14 00:00:00+00:00,-0.3310102940327795,-0.001914974401453,0,1.180883278259718,1,1
fb61e844-540f-4724-8f73-5f5d7fda78f8,SMA_10_30,2015-06-09 00:00:00+00:00,-4.149193995738898,-0.0240501435955361,0,1.4525166533471827,1,1
3e175fc6-63fa-47bd-a948-9a77ec319a81,SMA_10_30,2015-07-21 00:00:00+00:00,-3.326678658307088,-0.018829707001162,0,0.8932490312471245,1,1
71e133af-63bc-4313-a8cd-2bd4cad48086,SMA_10_30,2015-08-14 00:00:00+00:00,4.95912892539306,0.0286084098318551,1,-0.07900107551672328,0,1
5839229c-6b7c-4417-a4b8-0cb11b78acac,SMA_10_30,2015-10-12 00:00:00+00:00,3.3439909635722813,0.019859077724926,1,1.299470452893307,1,1
fada5bd0-c0c6-4c96-8c36-4f5b60e842ed,SMA_10_30,2015-12-10 00:00:00+00:00,8.808922216401527,0.0512951837211548,1,-1.0026564988072377,0,1
e3529266-a861-402a-bfae-4a8dd1e5b3bf,SMA_10_30,2016-02-25 00:00:00+00:00,11.820807736287776,0.0725554203923366,1,0.5874998113080809,0,1
aec92856-890f-4989-83eb-29e7da1ba12e,SMA_10_30,2016-05-10 00:00:00+00:00,-2.6035540342932397,-0.0148994268590491,0,0.3228207309723271,1,1
27d54ee4-ec23-4d39-9967-78df788d5c72,SMA_10_30,2016-06-02 00:00:00+00:00,-6.053790960588543,-0.0341355873911323,0,0.4889693568167786,1,1
0022146c-9813-4f83-a1ac-58d63b562025,SMA_10_30,2016-06-27 00:00:00+00:00,-11.76841967467226,-0.0687039873110918,0,1.651955996628231,1,1
5484ede3-997c-44f8-be49-35db84c9d79a,SMA_10_30,2016-07-13 00:00:00+00:00,-2.591661020025072,-0.0141574345368445,0,-1.0254561570061533,0,1
12f0c84c-580d-4e7d-84ba-dfe46b63e09b,SMA_10_30,2016-09-12 00:00:00+00:00,-3.490709765012354,-0.019342497111226,0,2.686892000602116,1,1
f557f83b-258f-482b-be49-6a50ffa6d42a,SMA_10_30,2016-10-05 00:00:00+00:00,-2.7754959036780065,-0.0150875686718034,0,-0.42193294637816736,1,1
d110ac30-d16d-479e-a361-d645ebe515de,SMA_10_30,2016-10-13 00:00:00+00:00,-4.611603291974603,-0.0254526491244078,0,-0.7655500514463439,0,1
4b44a460-ee44-4868-8e19-7d55d3be5038,SMA_10_30,2016-11-16 00:00:00+00:00,15.462219364346907,0.0832218314626879,1,-0.6778758024029419,1,1
536b8c6e-539a-436c-b97f-8ec2bfddae82,SMA_10_30,2017-03-28 00:00:00+00:00,-4.857360042663999,-0.0241350570846326,0,-0.5457384868121348,0,1
fcd758c2-f857-460f-b1cb-32e9d81e82af,SMA_10_30,2017-04-28 00:00:00+00:00,3.788169108980583,0.0183789273054289,1,0.9324089025329805,1,1
23ca2300-b468-4fac-a0f1-90b40e19bc1c,SMA_10_30,2017-07-10 00:00:00+00:00,-2.9130161016963143,-0.0138779169047579,0,0.9454374221783106,1,1
e36925a8-8500-4862-ac92-984d22d9c1b8,SMA_10_30,2017-07-17 00:00:00+00:00,-2.453589148952574,-0.0115291576034431,0,1.4593798108357117,1,1
ecaa1bd3-99fa-4619-8644-e525d4cd1b71,SMA_10_30,2017-08-21 00:00:00+00:00,-4.681664639180212,-0.0222552343240974,0,0.7459062703701559,1,1
e958882e-181a-49ba-ba96-4740538ca219,SMA_10_30,2017-09-11 00:00:00+00:00,13.346188586464194,0.0620625741734176,1,2.303267020103095,1,2
d34a6d61-f5bc-4de6-8e00-da726da6eaea,SMA_10_30,2018-02-09 00:00:00+00:00,-13.048399331717375,-0.0571320308240804,0,0.02311492709208749,1,2
5c3e8940-0454-42bd-bdb3-e0d5be526df6,SMA_10_30,2018-03-09 00:00:00+00:00,-7.412214373906011,-0.0307001969662689,0,2.433409944377368,1,2
dee80658-d4f8-4abb-bd6b-e3c2e1a97737,SMA_10_30,2018-03-27 00:00:00+00:00,-1.3716409158442957,-0.0058610509613725,0,-1.246567426695776,0,2
9a6c97d8-eed2-4e05-a1f1-04cb71d91f30,SMA_10_30,2018-04-24 00:00:00+00:00,2.629112815831718,0.0111687944036875,1,0.6259620059585981,1,2
b49992fb-0e35-42dc-8930-521ed7fa1d6a,SMA_10_30,2018-07-02 00:00:00+00:00,-8.946697097036065,-0.0375868689556041,0,-1.8546592580516559,0,2
732eef59-7ac0-4295-952c-f12dcf1eb411,SMA_10_30,2018-07-16 00:00:00+00:00,-1.1532353643422653,-0.0046694625929798,0,-0.5134575033182962,0,2
66536c1c-4d58-450e-be8e-f35047ca3d97,SMA_10_30,2018-10-11 00:00:00+00:00,3.5753670053010183,0.0145446156152451,1,-0.43814623583745765,0,2
5123eea5-5a12-4ad6-adc9-a49401878244,SMA_10_30,2018-11-19 00:00:00+00:00,-8.756437635583666,-0.0361469877865419,0,1.9517791677908736,1,2
2f828731-e7d4-4f7c-90c8-4e4facf24928,SMA_10_30,2018-11-23 00:00:00+00:00,1.4653214568354826,0.0062757661670968,1,0.25963718320695717,1,2
1e17d345-523f-4006-964f-433651536a84,SMA_10_30,2019-01-17 00:00:00+00:00,20.7225298806475,0.0893121898494257,1,1.6626618860359215,0,2
9d466208-8f06-469d-be35-03adbaf82e45,SMA_10_30,2019-05-14 00:00:00+00:00,-6.749154074882426,-0.0267033004687271,0,-0.4253001592416122,1,2
ad4d8572-1bf5-4339-8ecc-198677c7abe2,SMA_10_30,2019-06-17 00:00:00+00:00,-3.349351277904134,-0.01290717921398,0,-0.02580460508673837,0,2
765afaf1-ed68-4cea-bf1d-820f90d455fa,SMA_10_30,2019-08-07 00:00:00+00:00,-11.672453754749256,-0.04556955739821,0,-1.317547403687287,0,2
9c7f98f7-86b8-48e0-a7fc-87c9656bd76c,SMA_10_30,2019-09-10 00:00:00+00:00,-4.481526108919468,-0.0167334561306687,0,1.8623639933603595,1,2
71c2302d-eb74-4e5c-b9ab-5ca8c8b407dd,SMA_10_30,2019-10-08 00:00:00+00:00,-6.958034216778003,-0.0264225675175655,0,-1.495046696279347,0,2
861a3319-e018-46d6-934f-21c369af4768,SMA_10_30,2019-10-23 00:00:00+00:00,-7.791094362827607,-0.0288244300381389,0,0.5604497684846003,1,2
423001ea-b3f0-42d7-9963-353d5039d74d,SMA_10_30,2020-02-28 00:00:00+00:00,8.635900850000013,0.0328982019660529,1,0.02311492709208749,1,2
03c91367-7a63-466e-96be-cc12fbc7167a,SMA_10_30,2020-04-15 00:00:00+00:00,55.44732526153288,0.2184102043432867,1,0.03379775520519099,1,2
9921c7ac-1495-4bf4-a0bc-fe3325848a19,SMA_10_30,2020-09-18 00:00:00+00:00,-13.115258433459305,-0.0424009560704702,0,0.9646186194073798,1,2
51e0b95f-df06-4a45-872c-aa7ed6e23adc,SMA_10_30,2020-10-12 00:00:00+00:00,-14.66476019457008,-0.0454819379297135,0,1.1647244012585665,1,2
19576061-a552-49c6-97d0-6431df37442a,SMA_10_30,2020-11-03 00:00:00+00:00,-20.18934849320777,-0.0655997447175933,0,-2.3956029630246465,0,3
36b5ea84-7ad1-4226-97b4-398fbe68e661,SMA_10_30,2020-11-12 00:00:00+00:00,28.333212055629247,0.0863935955609633,1,2.549277653277642,1,3
536b6747-df6b-4cb9-aaff-74b813d96b08,SMA_10_30,2021-03-08 00:00:00+00:00,-9.095549115326094,-0.0255286273371982,0,-2.3059063766734784,0,3
c5730732-8d13-48b7-923b-4f3b3956fbb4,SMA_10_30,2021-03-18 00:00:00+00:00,17.29186046934865,0.04732520181516,1,3.5522865017944065,1,3
0893fe3c-9fed-46a7-b7d9-3b0cea80e4a1,SMA_10_30,2021-05-20 00:00:00+00:00,-8.521417432034866,-0.0222679910634714,0,-1.1399479108220758,0,3
8d3bcba8-5794-4c71-b96b-963010bc7862,SMA_10_30,2021-05-28 00:00:00+00:00,17.09052266410356,0.0436877602409975,1,0.06548202069925635,1,3
26270020-3b7a-4806-9c9f-b09b0ae276e2,SMA_10_30,2021-09-21 00:00:00+00:00,-13.65544508540978,-0.0334456549776069,0,-0.01713660541490507,0,3
ce0b9751-a77e-4b33-828e-5043e1d60562,SMA_10_30,2021-10-20 00:00:00+00:00,4.676562874527235,0.0110833992852015,1,-1.1087982898175717,1,3
a355cada-96a3-4bb8-abb3-a67b4e2ae577,SMA_10_30,2021-12-06 00:00:00+00:00,-6.585847961309241,-0.0154372850039084,0,-1.3003982987723193,0,3
6f324724-b15f-4dad-b5d5-2dbeabead995,SMA_10_30,2021-12-17 00:00:00+00:00,-3.2098995601554066,-0.0074096476936849,0,3.2724943273917226,1,3
937f5f68-1f94-458d-abaa-516a5e14da80,SMA_10_30,2022-01-19 00:00:00+00:00,10.141081047853843,0.0235841549631282,1,-1.1207165391215874,0,3
35fe908a-01c7-42f2-ba0e-8efc0b2dc5a2,SMA_10_30,2022-03-24 00:00:00+00:00,-8.501795057888103,-0.0202493869503528,0,3.5522865017944065,1,3
9153ebcd-5c6d-413a-bf4f-adbee04d7d0b,SMA_10_30,2022-04-22 00:00:00+00:00,21.635865128989508,0.0525968783534218,1,0.03748677597212874,1,3
4b7157f0-7298-4b4f-9218-acef1aa7539b,SMA_10_30,2022-06-08 00:00:00+00:00,-34.43080303657155,-0.088348268916529,0,-0.48883210363801693,1,3
9e5fd3ff-7796-46bf-a0b2-7152b4611cdf,SMA_10_30,2022-06-15 00:00:00+00:00,-15.822391427382628,-0.0445342410754708,0,-1.0434778724020155,1,3
d9ce634a-eff9-4058-acb6-ee34944c82f8,SMA_10_30,2022-07-20 00:00:00+00:00,0.3971178862048532,0.0010700860399326,1,-1.346653499180795,0,3
7644ca10-e429-4af6-a23b-91d311f1c003,SMA_10_30,2022-09-01 00:00:00+00:00,7.797503624625051,0.0209889325343259,1,0.4177103688341169,1,3
add3cf88-5433-4af0-99b9-ec423baafd0b,SMA_10_30,2022-10-27 00:00:00+00:00,-1.9925754226180743,-0.005478503381814,0,0.8564349178570965,1,3
aea90eef-4809-4341-a6ce-4186d9f2d2eb,SMA_10_30,2022-12-20 00:00:00+00:00,-18.866418886015254,-0.0521581840776355,0,-1.5244134280072341,0,3
c93ffda5-bfc0-4bfd-82b0-23183560c9c7,SMA_10_30,2023-01-18 00:00:00+00:00,-3.433664494629568,-0.009022145155375,0,3.1060996583760114,0,3
7b697166-f5b0-4dc4-934b-8b48eb3aad63,SMA_10_30,2023-03-01 00:00:00+00:00,-10.295839240916903,-0.0272991896566706,0,-1.5998163012734645,0,3
87177817-54cd-4f83-8943-9f10294c273b,SMA_10_30,2023-03-31 00:00:00+00:00,6.893660012168311,0.0177926615599755,1,2.6026884773617978,1,4
263be2df-f978-4952-979e-eb9f60ee16b0,SMA_10_30,2023-05-16 00:00:00+00:00,-2.9107028424800774,-0.0073812448524607,0,-1.5392849549894023,0,4
35c10cc6-eb78-4402-8525-c923619ba21b,SMA_10_30,2023-05-18 00:00:00+00:00,31.622603831886067,0.0796041131437185,1,2.974348376875879,1,4
f7418e0f-352f-4ad5-8166-385739243d05,SMA_10_30,2023-08-15 00:00:00+00:00,-1.8931088844319677,-0.004414168875702,0,-3.252475552631907,0,4
9b8acff7-48cd-4c62-9252-cf17a5544a70,SMA_10_30,2023-09-11 00:00:00+00:00,-16.871549331729398,-0.0391665651470857,0,1.9972873570732295,1,4
3ab45184-5676-4bc3-b6ea-a8156525e947,SMA_10_30,2023-09-25 00:00:00+00:00,-6.567515484107162,-0.0158676830966525,0,0.05622604309786963,0,4
b19faa4f-dd8f-4161-94f8-733572f0b9d1,SMA_10_30,2023-11-10 00:00:00+00:00,71.0767997495521,0.1690453128775338,1,4.682316395106408,1,4
2ddf985e-ea7f-446c-be33-08b04b7a4d29,SMA_10_30,2024-04-17 00:00:00+00:00,-15.30804907823159,-0.0311432383187714,0,0.13979488551771996,0,4
0957e5d0-2b63-461b-b971-042d86402eb0,SMA_10_30,2024-05-10 00:00:00+00:00,28.11103549089393,0.0554627971383443,1,3.2092381059421182,1,4
8bbaf9d4-f625-4f48-8100-798bcbd282c3,SMA_10_30,2024-07-31 00:00:00+00:00,-13.233124594457536,-0.0247368500567966,0,-4.103041537773021,0,4
a250c4f8-792f-460c-ae6a-a57e23b25bf9,SMA_10_30,2024-08-22 00:00:00+00:00,37.83812960547255,0.069023869375496,1,0.7057738686577727,0,4
eae23abe-6ea5-4a4c-ba3b-dc8f900ed647,SMA_10_30,2024-12-27 00:00:00+00:00,2.6773627100851627,0.0045686664174552,1,1.0047039694323798,1,4
b71d4da6-a2ad-4004-a21c-e05d7b5e058f,SMA_10_30,2025-01-27 00:00:00+00:00,1.3435096614010718,0.0023030943268951,1,0.05546680008292774,0,4
644a709b-a48c-4582-8450-9c98a3a0584e,SMA_10_30,2025-03-03 00:00:00+00:00,31.302625841665986,0.053536827333633,1,-3.1842796656710903,0,4
865315a1-6775-4c79-b1da-24c723f4d314,SMA_10_30,2025-05-05 00:00:00+00:00,112.33696101367444,0.202997557071726,1,0.9059130976839124,1,4
0c0bd785-51a4-46f1-9c6c-ebc003493a38,SMA_10_30,2025-11-20 00:00:00+00:00,-13.53407631776804,-0.0203297489791768,0,1.6168060536122675,1,4
b5470a27-0529-4bc6-a24d-17e067c24497,SMA_10_30,2025-12-08 00:00:00+00:00,-2.8549042517711314,-0.0042029516431602,0,0.7363495870083291,0,4
8b31577d-d3ee-470b-a034-83afdcb39afe,SMA_10_30,2026-02-13 00:00:00+00:00,-15.348868111800243,-0.0226917696139409,0,0.3698869584205183,1,4
3993dad7-54a0-4ec2-8d37-79ecfdbe5a6e,SMA_10_30,2026-04-15 00:00:00+00:00,54.15204648560609,0.0782820381255309,1,6.393794228439225,1,4
f4c70ac0-bc36-4cac-8b12-c16bb3d8d066,SMA_10_30,2026-06-18 00:00:00+00:00,-4.698332004965209,-0.0062988110722031,0,-2.0461220406628913,0,4
e61cfccd-1777-4964-aa45-7f354927120c,SMA_10_30,2026-07-13 00:00:00+00:00,-12.46903104233138,-0.016611950414172,0,-0.38359506223530276,0,4
2f400bca-370b-44ac-a7d7-6a3c47c1b566,SMA_10_30,2026-07-29 00:00:00+00:00,-35.79111280562017,-0.0484884381277247,0,-4.300050583149748,0,5
62a94ea1-0880-444f-a0c4-06353d7cdecf,SMA_10_30,2026-08-05 00:00:00+00:00,-11.102448312062847,-0.0143455798717369,0,-1.5204662735107233,0,5
7070e2d1-9717-4164-8b5c-be62a12a373a,SMA_10_30,2026-09-11 00:00:00+00:00,-4.004299978881591,-0.0052492986131183,0,-0.6924956068304964,1,5
96977b63-75e2-4a08-9e66-513e777fe0a6,SMA_20_50,2014-10-14 00:00:00+00:00,-12.234341188418597,-0.0792381341963096,0,-1.1892169601999962,0,1
49881a4d-8277-4763-a8ab-f0f667bc24c0,SMA_20_50,2014-11-12 00:00:00+00:00,2.040280496224426,0.0122440825360062,1,3.722817926875392,1,1
8c1d0279-8ecd-42e7-953f-7ae73645b238,SMA_20_50,2015-01-26 00:00:00+00:00,-3.8643661713053055,-0.0229102271676763,0,-1.0088839809795003,1,1
5a7ddd9a-d490-4f12-a5fe-c6ee1533017a,SMA_20_50,2015-02-17 00:00:00+00:00,1.821303492077874,0.0105559159458166,1,-1.0990444780111397,0,1
6262e96a-4efc-4fc3-a9b3-33ab3485c7b7,SMA_20_50,2015-04-21 00:00:00+00:00,-1.3738731614241146,-0.0078795223901589,0,1.6983606789511752,1,1
512cd00e-be0e-49a6-b5c1-40fd00ed2c46,SMA_20_50,2015-04-27 00:00:00+00:00,-0.8418245007258918,-0.00479033840191,0,1.8399117261845732,1,1
69dacef2-5401-42ea-b726-6cff5d0f5fe9,SMA_20_50,2015-06-26 00:00:00+00:00,0.4906817903474803,0.0028056273752146,1,-0.3329476792304712,0,1
514a1f5c-843a-4e89-b205-221dfa6622e0,SMA_20_50,2015-08-04 00:00:00+00:00,-2.652972380991571,-0.0152118823864364,0,-1.781420845448297,0,1
51cf5798-b76c-4752-9325-99322c6aab8b,SMA_20_50,2015-08-20 00:00:00+00:00,-1.5115161635283982,-0.0088007609790537,0,-1.7424527250872424,0,1
d4de1b22-28e8-4d83-b2a4-017d25ec77be,SMA_20_50,2015-10-23 00:00:00+00:00,-1.121718676146429,-0.006474198040313,0,2.4035388239137463,1,1
f68e35c9-ad9e-47fd-8463-1ec2999db09a,SMA_20_50,2015-12-23 00:00:00+00:00,3.977844283033363,0.0231084415406932,1,1.664357098115886,0,1
2b1d95a5-e750-43f3-852a-aa54632a751c,SMA_20_50,2016-03-10 00:00:00+00:00,8.95694690428337,0.0532643365557454,1,-1.203078139230191,0,1
1406a96b-81e7-4b60-803a-eb6b12c35f24,SMA_20_50,2016-05-27 00:00:00+00:00,-0.8706614419384948,-0.0049157349093414,0,-0.3842254045644562,0,1
d66e45aa-bd8e-4942-a2d5-16aa48e79f5b,SMA_20_50,2016-05-31 00:00:00+00:00,5.117224072860807,0.0287504026085453,1,1.1227250429792326,1,2
91b0081a-f4df-41fb-8342-3faba4f87c43,SMA_20_50,2016-09-20 00:00:00+00:00,-5.20939331517539,-0.0284502853546677,0,-3.6283079047216633,0,2
d898bf99-9226-4106-9b3f-ba3be1d6433f,SMA_20_50,2016-11-22 00:00:00+00:00,13.702129138908589,0.072761933594099,1,0.19091102286648365,1,2
a493252d-b4dc-4af6-aaf6-e56fcaeac99f,SMA_20_50,2017-04-20 00:00:00+00:00,-4.037807728913066,-0.0199874990394357,0,0.5178049130647188,0,2
ca5921da-a4fd-4035-860f-8d5e8895b113,SMA_20_50,2017-05-04 00:00:00+00:00,7.689184934297941,0.0373162744174894,1,1.2521102320430217,1,2
c2bc64a4-e540-4990-a4dd-cec5c42d6fdb,SMA_20_50,2017-09-08 00:00:00+00:00,-1.300421447540458,-0.0060840237933411,0,0.13545792831483466,1,2
fd942cf7-2bc5-4258-86a1-4c0a9de95ff0,SMA_20_50,2017-09-11 00:00:00+00:00,26.595914836528493,0.1236765782648995,1,-1.967073300303551,0,2
e20825a9-c877-4150-abef-34baf09fb26b,SMA_20_50,2018-02-26 00:00:00+00:00,3.2436755496282785,0.0134235877511698,1,-0.8795632062442416,1,2
e51f879c-6cf9-4c67-9a8d-f3c3cfa93746,SMA_20_50,2018-05-16 00:00:00+00:00,7.468704921343885,0.0313289451615989,1,1.2626621419259323,1,2
b30ba6d1-6c7c-42ae-a972-3b25111a577b,SMA_20_50,2018-10-19 00:00:00+00:00,4.792960415196944,0.0194942758227926,1,-0.20989384098770078,1,2
ab11a29d-7cc7-43b9-84a0-29c1d82fdb97,SMA_20_50,2019-02-01 00:00:00+00:00,9.092685156723348,0.0377177071685233,1,-1.648108183191477,0,2
625a7722-66e7-41e8-913e-f66d79faff1e,SMA_20_50,2019-05-30 00:00:00+00:00,-13.34854472519919,-0.0533590175239232,0,0.0068725250973941335,0,2
eac00961-1ef8-4f83-a99c-199cf9e23fe7,SMA_20_50,2019-06-28 00:00:00+00:00,-0.3512451300728685,-0.0013329313964074,0,-0.13851484521234028,1,2
2ed72de3-5fab-4667-8cba-97d8628a77cc,SMA_20_50,2019-08-19 00:00:00+00:00,-8.412150342634959,-0.0319656678742693,0,-3.170586951153167,0,3
25aeebc7-3bb2-4f89-93cf-6facb22bfa4f,SMA_20_50,2019-09-19 00:00:00+00:00,6.768924180998681,0.0249247698834919,1,3.672488426323877,1,3
864663b2-f9fa-4742-a9d5-c2fcb98e331b,SMA_20_50,2020-03-04 00:00:00+00:00,17.39628259750532,0.0624994179446224,1,-0.902863902302405,0,3
9c561514-18a6-42a7-9cd8-9b009deb6508,SMA_20_50,2020-05-01 00:00:00+00:00,44.983522602886126,0.1723857783837356,1,1.1294106954979393,0,3
c3864ad8-f8fa-438c-8609-e25db18271a8,SMA_20_50,2020-10-02 00:00:00+00:00,-10.726403429196864,-0.0350615860700175,0,-0.11758844601617718,1,3
931698f0-3991-424a-8d62-49e0ae19151a,SMA_20_50,2020-10-21 00:00:00+00:00,88.32919829179713,0.278943039398708,1,3.5132502734459607,1,3
87846096-bc48-4709-9e2c-91b6aa0f4f22,SMA_20_50,2021-10-04 00:00:00+00:00,-21.39034602359618,-0.0528175007922941,0,-2.310739008394527,0,3
f8a8ea7e-bac5-470b-92e6-cb5575ac74f5,SMA_20_50,2021-10-29 00:00:00+00:00,-12.721655267826408,-0.0298366846924576,0,2.1320094344929257,1,3
4ee07c60-fb86-4712-a17b-9f9d425de911,SMA_20_50,2022-01-26 00:00:00+00:00,-12.969181335351834,-0.031352678989266,0,-1.4068749174129729,0,3
197ba610-632a-4560-ad3d-3498a1aae27e,SMA_20_50,2022-04-04 00:00:00+00:00,-35.89021551231377,-0.0841261392219431,0,1.685990385108071,1,3
5d71a74c-f282-4f25-8571-25ebcc7744da,SMA_20_50,2022-05-03 00:00:00+00:00,3.88154696751468,0.0099339981201511,1,-0.8483859551328495,0,3
e6ba95fb-3db1-4e1f-933e-74b8cc5c87af,SMA_20_50,2022-08-02 00:00:00+00:00,-23.913170034756263,-0.0618147664019635,0,-0.7254667059528016,0,3
0fa179aa-5f72-4245-b380-b6c23a563c77,SMA_20_50,2022-09-19 00:00:00+00:00,-13.672108699535386,-0.0376705524989333,0,-1.9504040096049864,0,3
b068bf4d-856e-46cc-9020-257d77fe1248,SMA_20_50,2022-11-14 00:00:00+00:00,-11.127978162014417,-0.0295476713412494,0,3.798480358770651,1,4
7f051547-92e0-44ec-8f2e-9d9bf159c6c7,SMA_20_50,2023-01-04 00:00:00+00:00,-18.713795956033493,-0.0512029140790523,0,-1.4709993109103687,0,4
45b394a6-1be6-4820-915f-418abda19eb2,SMA_20_50,2023-01-30 00:00:00+00:00,-16.128971175384606,-0.0419810114799368,0,-3.7294850454850303,0,4
cf957880-c1fa-458b-ab0b-76efd47eb225,SMA_20_50,2023-03-15 00:00:00+00:00,-27.17937430367056,-0.0738433804451291,0,0.890782348332246,0,4
93ce738b-8583-46f3-928c-6d549ba3ea27,SMA_20_50,2023-04-14 00:00:00+00:00,30.14486083915807,0.0762683681457748,1,2.5013674174884195,0,4
823f3162-1e83-4a0c-b7e1-6256ceb76409,SMA_20_50,2023-08-29 00:00:00+00:00,-11.655582303935487,-0.0273996219045525,0,-5.174596971573866,0,4
50aaf5ae-da1f-421c-8536-7a2d70ec225b,SMA_20_50,2023-11-21 00:00:00+00:00,58.41326384017577,0.1336542170181634,1,6.239112118727848,1,4
8c7956dd-45e8-44cd-9468-0bacd6aca8a8,SMA_20_50,2024-04-29 00:00:00+00:00,-18.639735589455483,-0.0376209997578187,0,-0.1679235515709606,0,4
477aea0a-7212-4c9a-bf87-3681587f3c25,SMA_20_50,2024-05-21 00:00:00+00:00,6.462538900164418,0.0125705709251823,1,2.407793579010288,1,4
d199c5d2-a4ee-4a0c-b9af-c49d90ac7b86,SMA_20_50,2024-08-12 00:00:00+00:00,-15.581502536519906,-0.0299320089335441,0,-6.075157641430405,0,4
f6000784-2bb9-48d2-a812-322bb7fd40a6,SMA_20_50,2024-09-04 00:00:00+00:00,42.811370430603006,0.0798504018376843,1,6.659705631144817,1,4
d08aca22-0417-44ee-94a2-4309d3246891,SMA_20_50,2025-01-15 00:00:00+00:00,-10.11137023538322,-0.0174648312719283,0,-1.4709993109103687,0,4
e2bd43d9-da4a-4846-b7dd-52c2f2994d63,SMA_20_50,2025-02-05 00:00:00+00:00,-32.41326666679947,-0.0550247118614848,0,1.3513587100027216,1,4
e9c6b2e9-7a4f-4086-998f-412708881f54,SMA_20_50,2025-03-10 00:00:00+00:00,-19.351307508156083,-0.0347636074794191,0,-2.185860976877739,0,5
b17a6f93-70db-4543-9d9f-f7f67ababf17,SMA_20_50,2025-05-15 00:00:00+00:00,93.82270665706358,0.1628850909526231,1,7.903967346254538,1,5
4853d074-7d4d-470d-beb5-fe90c7dcbb72,SMA_20_50,2026-03-03 00:00:00+00:00,-37.33937116479217,-0.0557446989260064,0,-1.459161158733646,0,5
1da0c4dc-c27b-4b47-8105-fc11d07ff2de,SMA_50_100,2013-01-25 00:00:00+00:00,37.19830674991323,0.3132972773962319,1,3.3963423674545328,0,1
6ab9d681-4356-4a4a-8e2d-330f467639f8,SMA_50_100,2015-08-24 00:00:00+00:00,-19.16072457313237,-0.1228803199749269,0,0.5526184865088893,1,1
db93c35b-844a-4727-9b5b-af00f5033e9c,SMA_50_100,2015-12-01 00:00:00+00:00,-14.120684675687016,-0.0806478307286687,0,1.4894265720500774,1,1
007361d8-cc66-4e56-a30d-1a4edd74777c,SMA_50_100,2016-02-03 00:00:00+00:00,-14.66796720467255,-0.0911223602417645,0,0.9932893660510771,0,1
289bf92e-13bc-4b18-b827-edf4e9c9d03b,SMA_50_100,2016-04-18 00:00:00+00:00,10.157253737119532,0.0578306236542743,1,1.3425131357651106,0,1
168aba3f-f07f-456c-bfbe-c77707192936,SMA_50_100,2016-11-16 00:00:00+00:00,-5.986517420455044,-0.0322210500364737,0,1.4573499199841315,1,1
93f62850-e4f1-4beb-ab23-c47e48683fcf,SMA_50_100,2016-12-08 00:00:00+00:00,42.974532848434194,0.2240804106786744,1,3.7196348463771916,1,1
a2cd7926-cd63-4a8a-8a23-86c83e593942,SMA_50_100,2018-04-16 00:00:00+00:00,-7.23638564620785,-0.0308250992076378,0,-0.3541473400512687,0,1
9d72a296-9779-45f8-9bec-4d5f6f0ed7d9,SMA_50_100,2018-06-19 00:00:00+00:00,0.2526261961627085,0.0010439415369114,1,0.680809928275739,0,1
a2ddd10b-f2a0-4357-9cc9-c55394bcb2d1,SMA_50_100,2018-11-19 00:00:00+00:00,-3.386890066400639,-0.0139812420255287,0,0.035007311338617106,0,1
e6d1f1ec-4ac5-416a-8a81-4d3261d074e3,SMA_50_100,2019-03-11 00:00:00+00:00,-36.9277506040701,-0.1503375909145768,0,2.5376862655308146,1,2
a5c5b922-b5d9-4536-b8ab-8049221904d3,SMA_50_100,2020-03-23 00:00:00+00:00,-74.83324616431031,-0.358560886315679,0,-2.9979683856249983,0,2
d6eaabcb-06e1-496b-9a05-a84df7806704,SMA_50_100,2020-06-18 00:00:00+00:00,119.6892339795308,0.4221281442997985,1,10.237381180290981,1,2
955b5021-0673-43df-95ac-b00c48fac191,SMA_50_100,2022-02-25 00:00:00+00:00,16.696305670827087,0.0414067245077237,1,5.869410637869262,0,2
83a769aa-e369-4db1-9e20-681ac84c3a69,SMA_50_100,2022-09-12 00:00:00+00:00,-30.361324263204665,-0.0785483057335227,0,1.5398409800256285,1,2
b221c14e-a3af-4df9-bcf0-cafbf99aa8e6,SMA_50_100,2022-10-18 00:00:00+00:00,-10.448745376307444,-0.0293364585163581,0,-3.497843634858636,0,2
622f4b3d-f44a-4a82-bcee-c20314b222b6,SMA_50_100,2023-01-03 00:00:00+00:00,52.115657864943046,0.1421524691213417,1,2.288835604015265,1,2
454f6079-e19f-4cf2-b7f5-e500485a4b64,SMA_50_100,2023-10-18 00:00:00+00:00,-37.32194662389287,-0.0891305092201107,0,-1.151275929557106,0,2
e4ba004f-0c0b-487c-9358-cfa9d55318ce,SMA_50_100,2023-12-18 00:00:00+00:00,96.42067648652608,0.2114230582337209,1,0.36127795024779596,0,2
1f7f1461-3589-4f82-b192-51615d8b775c,SMA_50_100,2025-03-20 00:00:00+00:00,-47.28238583959376,-0.085582648695215,0,6.730785558729971,0,2
184299d0-0015-4fd2-83a7-5f1d9c3b0f90,SMA_50_100,2025-06-25 00:00:00+00:00,35.96087410559926,0.0599589041946614,1,12.121420858642885,1,3
4589856d-8226-491d-a773-860f17bc8911,SMA_50_100,2026-03-31 00:00:00+00:00,-104.18224159488398,-0.1638808159036219,0,-11.792936604190107,0,3
beb407e0-e509-4cb2-a487-c7800c208bbf,SMA_5_20,2015-06-23 00:00:00+00:00,-4.058643608976837,-0.0230041872943092,0,-0.5035740194492448,0,1
81590e02-e4d5-4614-9961-ec45870e4ad4,SMA_5_20,2015-06-30 00:00:00+00:00,-4.183433982816297,-0.0242697998615408,0,-1.0942047179924637,0,1
f58ccd28-7699-451f-b244-af13e6dac2a3,SMA_5_20,2015-07-17 00:00:00+00:00,-1.7715318923659709,-0.0100338564235499,0,2.0142651044358315,1,1
76187cad-a6bb-4a19-84c4-f8a80ff8b0a0,SMA_5_20,2015-07-30 00:00:00+00:00,-0.2494924455366174,-0.0014274337632719,0,-0.860061378720841,0,1
b79ae680-ee48-4a0f-b189-6e67e1674c18,SMA_5_20,2015-08-03 00:00:00+00:00,-1.9127711204971831,-0.0109280352304739,0,-0.12746707110781322,0,1
57a5ec68-0391-4a0d-92c5-79a1c41547cd,SMA_5_20,2015-08-07 00:00:00+00:00,-0.7733990463142106,-0.0044673998019048,0,1.5911131706291632,1,1
15b72c90-7c40-487e-8a0c-6e127456d239,SMA_5_20,2015-08-19 00:00:00+00:00,-6.12111005894198,-0.0352002323754468,0,0.07322215147814333,1,1
c25e1a61-ee3c-43e1-b2c5-3acf6c563ad5,SMA_5_20,2015-08-21 00:00:00+00:00,1.4221185773209584,0.0084764491633642,1,1.5911131706291632,1,1
82bae027-ced7-41a2-96d5-bdfb1d2a3256,SMA_5_20,2015-09-17 00:00:00+00:00,-3.6328440372747366,-0.0218384530471044,0,0.0010639770790633796,1,1
f1bd381f-1bea-4b65-9d60-74543bdce2d3,SMA_5_20,2015-09-25 00:00:00+00:00,-3.5613715798322687,-0.0218867773802307,0,0.6921749802618739,1,1
3fcb7cc1-4e61-4d28-91de-b0d79ec230f3,SMA_5_20,2015-10-07 00:00:00+00:00,2.8591065669544093,0.0171946007135721,1,0.9795851015698601,1,1
00ebaa72-32a6-46f6-bb86-8a58b694a2d2,SMA_5_20,2015-11-16 00:00:00+00:00,-4.639746456431851,-0.0274316514977805,0,-1.5425045021086965,0,1
43dff2cd-2d4a-4fc2-a2f1-585ec870e7e1,SMA_5_20,2015-11-24 00:00:00+00:00,-1.404489808774116,-0.008082083955659,0,-1.2591834986064585,0,1
31f8d431-3ce6-44cf-b2be-df6ca07a9cc6,SMA_5_20,2015-12-09 00:00:00+00:00,-1.7996343690522565,-0.0104403079607889,0,-2.263637253451576,0,1
3f42b9f2-5e60-4c40-b4b0-635186e060a0,SMA_5_20,2015-12-30 00:00:00+00:00,-7.375365767950285,-0.0423449799352637,0,-0.8424539603926818,1,1
24bb30a1-6af3-475b-814a-929db0e074a9,SMA_5_20,2016-01-06 00:00:00+00:00,6.416595721705079,0.0384692709599077,1,-0.033856855154566184,0,1
e52179ea-bf61-4f87-8da7-cead84ca098f,SMA_5_20,2016-02-04 00:00:00+00:00,-6.181135198187292,-0.0385402345432109,0,0.5306727731349531,1,1
4bef176c-349c-4d99-938a-eaf70a71a8f9,SMA_5_20,2016-02-09 00:00:00+00:00,-8.838567684998935,-0.0573187733338335,0,-1.268641995512634,0,1
e21b1664-d8c2-4a6e-a267-9068e2e65280,SMA_5_20,2016-02-22 00:00:00+00:00,10.240759252781857,0.0628117955835262,1,-1.8623549786483096,0,1
890916f3-5e7d-4ee8-9d5f-03623c140cc4,SMA_5_20,2016-05-04 00:00:00+00:00,-3.761604253849839,-0.0217082987255724,0,0.06740501519766162,1,1
3176e2f5-ed09-4940-9c0a-4d71ede722bb,SMA_5_20,2016-05-26 00:00:00+00:00,-1.008125043205041,-0.0056942977036076,0,-0.5849310117169244,1,1
9afa9227-af8a-429d-97b4-2575ac069362,SMA_5_20,2016-06-17 00:00:00+00:00,-2.2941806976065777,-0.0130326717448245,0,1.2522163852493229,0,1
5e25734d-c524-45c2-9c3a-004217787199,SMA_5_20,2016-07-07 00:00:00+00:00,6.576743957515703,0.0368802042487613,1,-0.23044016447520493,1,1
e30448f1-b256-4f04-8673-8b918741476d,SMA_5_20,2016-08-31 00:00:00+00:00,0.5438468899988607,0.0029412399031924,1,-0.8410600583187896,0,1
c9193380-b414-4f26-a67e-19ca4a507026,SMA_5_20,2016-09-09 00:00:00+00:00,-3.891694462193613,-0.0211092003967209,0,-0.14228903221272438,1,1
58d7fc43-9aff-42d0-b10b-c305ad5aa51f,SMA_5_20,2016-09-12 00:00:00+00:00,-3.849419647488588,-0.021330157310051,0,-0.9422241236426485,0,1
04cf23ba-3417-4e34-9251-d81fb28e9345,SMA_5_20,2016-09-28 00:00:00+00:00,-3.13420578615424,-0.0170043545662247,0,0.7335015561371155,1,1
587325c3-b755-42d7-aa54-c166a02b4bd4,SMA_5_20,2016-10-13 00:00:00+00:00,-3.3477184433593834,-0.0184769368723498,0,-0.7330998000531141,0,1
8befd5c2-3f7c-4de7-ab30-1d609454dd7a,SMA_5_20,2016-11-11 00:00:00+00:00,9.84113555688154,0.0533304275155624,1,-1.1410892985726806,0,1
7cfc8fe0-c52f-4cce-9fb3-8d4139079c55,SMA_5_20,2017-01-05 00:00:00+00:00,-0.2233192073869361,-0.0011489239933979,0,0.5902160949044625,1,1
9d6ef426-048e-44c8-ab00-0df13058d95a,SMA_5_20,2017-01-06 00:00:00+00:00,7.533022743058098,0.0387111269852341,1,1.1747301017925207,1,1
f9ccb66b-fbf8-4764-aeb9-7d68b6ed3725,SMA_5_20,2017-03-23 00:00:00+00:00,-1.7082780232532002,-0.0084514320918668,0,-0.9680589079545673,0,1
2e280f67-a0a6-4ca3-8b42-b4264f455cf8,SMA_5_20,2017-04-05 00:00:00+00:00,-1.1388303652722982,-0.0055869631108665,0,0.44060038700132764,1,1
da8054c1-d0ba-4678-ad84-53fd5d98452d,SMA_5_20,2017-04-06 00:00:00+00:00,-3.080059819618356,-0.0151952940016529,0,-1.3636743228408221,0,1
50a3677d-59e7-4766-ba35-ff7503a8c637,SMA_5_20,2017-04-26 00:00:00+00:00,-1.0180638092086554,-0.0049473810277161,0,0.44060038700132764,1,1
69a15f41-f30f-424f-9a93-09b95bb59bcc,SMA_5_20,2017-05-19 00:00:00+00:00,-3.338907383808305,-0.0163064223081299,0,1.7515746471825613,1,1
1e84623d-50d1-44fe-b378-6e7d9fe8da82,SMA_5_20,2017-05-25 00:00:00+00:00,1.951185654642444,0.0093762296821504,1,-0.5849310117169244,1,1
1b0f878e-7b2c-441f-bd6c-deb2df05749e,SMA_5_20,2017-06-30 00:00:00+00:00,-1.8553032545831056,-0.0088326592500429,0,1.2522163852493229,0,1
88905200-1120-4542-bf5c-9b8ade7a2a41,SMA_5_20,2017-07-14 00:00:00+00:00,-0.3467837473639861,-0.0016365006114395,0,2.0142651044358315,1,1
e4fae793-282f-42bb-b9d1-4700ec8e4eb8,SMA_5_20,2017-08-11 00:00:00+00:00,-3.381177050963004,-0.0159822034414588,0,0.8871469447236845,1,2
770441af-6517-4f70-a135-52d6407db5ff,SMA_5_20,2017-09-01 00:00:00+00:00,12.69709096731782,0.0590727069442248,1,-0.6431928148640503,1,2
35e34bc6-bac2-4fd4-a48d-ed49abb9c3d8,SMA_5_20,2018-02-06 00:00:00+00:00,-15.91199277415538,-0.0699006860358031,0,-2.1876809304945235,0,2
84e44e81-8abf-4d3c-9d4c-c57f9664e0b3,SMA_5_20,2018-02-27 00:00:00+00:00,-7.99280029238588,-0.0328180189219764,0,-0.6961686288888147,1,2
bb9ee257-b739-4320-83fa-a9e249038d75,SMA_5_20,2018-03-22 00:00:00+00:00,-1.2484766467340762,-0.0053001190589182,0,-1.2954383078237053,0,2
f6330847-e250-42a7-805d-29e7d9507212,SMA_5_20,2018-04-17 00:00:00+00:00,-4.800604556617316,-0.0202724109497891,0,-0.1368160328763266,0,2
0244a0c8-ecde-465e-b8b3-ffa78a047ede,SMA_5_20,2018-05-01 00:00:00+00:00,-5.688629183408722,-0.0245195082182967,0,-0.35477711060447265,1,2
2f6c1294-5f96-4f0f-9b0b-669ee1cd5e93,SMA_5_20,2018-05-10 00:00:00+00:00,2.215510091322642,0.0093208953204729,1,-0.4250494727129691,1,2
561ec34d-c830-4574-a048-fa98a0f3438f,SMA_5_20,2018-06-26 00:00:00+00:00,-4.866349827041233,-0.020284203533107,0,-1.5052786247363221,0,2
8abb9437-5260-41fc-9888-cafbc3e08a5d,SMA_5_20,2018-07-11 00:00:00+00:00,10.192840107847276,0.0416417222080412,1,0.20943540968578464,1,2
6d76eda3-b868-4001-a66b-095bd07dab7a,SMA_5_20,2018-10-09 00:00:00+00:00,6.458788664141139,0.0253318074641356,1,-0.7413721351366622,0,2
a24d7be8-059d-4be2-93e9-80980e3a9024,SMA_5_20,2018-11-08 00:00:00+00:00,-6.263459897157844,-0.0252041822768383,0,0.3569096648735715,1,2
3c499813-0217-4293-8e9f-8059249e02a7,SMA_5_20,2018-11-19 00:00:00+00:00,-4.719813015134861,-0.0194836108601451,0,-1.9875999264040665,0,2
83139f18-11da-415e-a559-723c9f3853ec,SMA_5_20,2018-12-04 00:00:00+00:00,-9.50170100501245,-0.0384738604206967,0,-1.8120712496215299,0,2
f381a945-39c1-450a-8e1b-bf68db788427,SMA_5_20,2018-12-11 00:00:00+00:00,8.786256679913947,0.0370004662051125,1,-2.246648173769365,0,2
7a86231d-eff7-4a63-ae61-f8914cff6a16,SMA_5_20,2019-01-10 00:00:00+00:00,20.345880397952328,0.088972075153319,1,0.6386762361703514,1,2
98ff471a-021a-4fc6-9893-35915a0f4577,SMA_5_20,2019-03-12 00:00:00+00:00,-2.423477030945321,-0.0097319394375252,0,-1.129383210744519,1,2
6fb8647a-651f-4fbb-90e1-8bfb9197cd98,SMA_5_20,2019-03-15 00:00:00+00:00,4.203593168139861,0.0167176440210325,1,1.0020718231567365,1,2
44364a24-ff63-4e1c-b030-1eeeac5a0145,SMA_5_20,2019-05-09 00:00:00+00:00,-5.162606585385134,-0.0201940332261162,0,-0.8205606556434923,0,2
57949106-97c4-42ba-b82a-6d994f674bc2,SMA_5_20,2019-06-11 00:00:00+00:00,-1.3433112519099382,-0.0051504824159387,0,-0.8024593964699259,0,2
5b838a0d-2a57-4dd7-b675-90982f23e379,SMA_5_20,2019-08-05 00:00:00+00:00,-2.2334979138499307,-0.0086079436190609,0,-1.5424204640418029,0,2
6b14b8d2-6c68-4d90-9ce5-86ee91be1130,SMA_5_20,2019-09-03 00:00:00+00:00,6.094600618130073,0.0232882433018326,1,-0.5520359823903417,1,2
c3d34195-657a-4840-bb2e-d567cdbe467c,SMA_5_20,2019-09-30 00:00:00+00:00,-2.171549552785621,-0.0081089241456098,0,-1.3921563353012585,0,2
724bc68b-649f-48db-a804-600c74e91ee1,SMA_5_20,2019-10-16 00:00:00+00:00,27.359499765707994,0.1013431005317834,1,0.7884925973568434,1,2
56d40840-2922-4ff5-8c67-2de6a28838b8,SMA_5_20,2020-01-31 00:00:00+00:00,-3.846168060505988,-0.0129357512650191,0,1.9396738062117203,1,2
d8fb4b3e-ff5d-43d0-97aa-fd1d9ccb3273,SMA_5_20,2020-02-10 00:00:00+00:00,-15.502940870730356,-0.0514749092934964,0,-0.6077384735195376,0,2
0d52e60d-8237-427f-b6dc-5b4b0de5219a,SMA_5_20,2020-02-26 00:00:00+00:00,49.84920515916926,0.1744981848863812,1,-1.2342337786358601,1,2
f55bade5-dc16-4539-85ac-d99e46fbaa96,SMA_5_20,2020-04-06 00:00:00+00:00,47.71511448483969,0.2023348135693804,1,-0.5048927553051021,0,2
8f2cd03c-4ae9-4b3f-ba3c-6753f93c6a28,SMA_5_20,2020-06-18 00:00:00+00:00,-5.069246758459542,-0.0178785648132083,0,-1.4007087863081464,0,2
9cd42573-02cf-4ca3-852d-ca45a9e8cc42,SMA_5_20,2020-06-19 00:00:00+00:00,-9.829367669939645,-0.034057975802121,0,0.12628677160258184,0,2
84180da4-b1ab-48b3-9cfb-1546a01712a1,SMA_5_20,2020-06-25 00:00:00+00:00,-10.94091822329932,-0.0392460509584038,0,-1.4007087863081464,0,2
107f5797-6fd7-436b-921e-a84c6512a3e1,SMA_5_20,2020-07-07 00:00:00+00:00,18.776836812796148,0.0648106296058375,1,-0.003677570742979734,1,2
52f9ee69-ac4a-4422-82d8-1573bfa6b522,SMA_5_20,2020-09-11 00:00:00+00:00,-1.4561736203794453,-0.0047202455328681,0,0.10247827789355768,1,2
9e234e25-9878-4e21-9d74-762d8981e756,SMA_5_20,2020-10-05 00:00:00+00:00,-3.6522558356642207,-0.0117833144866516,0,1.307754495065619,1,2
dc95da12-a2b5-415c-a7c7-84914fb32988,SMA_5_20,2020-10-28 00:00:00+00:00,-29.39405650092692,-0.0959651660923586,0,-0.7455871380015989,0,2
1920432b-ec17-4180-99ad-6d97f540d1da,SMA_5_20,2020-11-09 00:00:00+00:00,15.954360974911252,0.0475266012356032,1,0.7229896668637344,1,2
c4754f7b-5e3b-4b15-95cb-d0854114fe55,SMA_5_20,2021-02-02 00:00:00+00:00,-8.910367132425847,-0.0253389072587302,0,-2.1876809304945235,0,2
d9004c0e-f19a-411a-9d7f-845723e8f19e,SMA_5_20,2021-02-08 00:00:00+00:00,-3.4084951652703808,-0.0094533889837449,0,-0.6077384735195376,0,2
2c20f0ea-9167-4af2-86bd-47824416e2a3,SMA_5_20,2021-03-01 00:00:00+00:00,-8.095360041045126,-0.0226665852692256,0,-1.5758209000012926,0,2
ada19973-feb8-4110-a30d-3eb8680f7cc3,SMA_5_20,2021-03-15 00:00:00+00:00,13.035337231762412,0.0356893086159976,1,3.2963973974532066,0,3
02e772ab-c8fa-4d93-92fa-85562a6c75b1,SMA_5_20,2021-05-13 00:00:00+00:00,-12.17344474966717,-0.0321810240266966,0,-1.7471594054957356,0,3
acb9ec2c-9558-4f08-b8e5-867bd17d9695,SMA_5_20,2021-05-27 00:00:00+00:00,4.093013712433447,0.0104827130955437,1,-0.33667089173018594,1,3
254b2cb9-27ee-4a04-b7cd-3d11244a8dc4,SMA_5_20,2021-06-23 00:00:00+00:00,-1.584877864700729,-0.0040169591168099,0,-1.8330802529893182,0,3
8921666b-1595-4245-bf4e-b64ac693a75b,SMA_5_20,2021-06-24 00:00:00+00:00,11.775194144202544,0.0297254637949437,1,-1.2721889363004337,0,3
41c10d10-c24c-4290-b103-cccd0640afa7,SMA_5_20,2021-07-23 00:00:00+00:00,-1.6688007613900029,-0.0040911330151949,0,0.7872451861585009,1,3
34bae3bf-ac23-443e-bafc-3b68d5866432,SMA_5_20,2021-07-26 00:00:00+00:00,4.950554490004549,0.0120870362312491,1,2.650371442922804,1,3
04f6685c-0bd7-472c-9d6d-035928496896,SMA_5_20,2021-09-15 00:00:00+00:00,-1.4495872413292543,-0.0034969745742754,0,-0.9724627945199117,1,3
fc231544-c076-4b65-802d-28c942388053,SMA_5_20,2021-10-15 00:00:00+00:00,16.134055626810834,0.0387860541349209,1,2.37830444504773,1,3
063bc422-babf-4cdb-9ff2-c4d79ea7518b,SMA_5_20,2021-11-30 00:00:00+00:00,-7.660108451822055,-0.0177272290924476,0,-0.7144777324459823,0,3
e86754df-4fd6-4db5-973b-e2197407beed,SMA_5_20,2021-12-13 00:00:00+00:00,-3.1103166453925724,-0.0070726008555099,0,1.115166589960679,1,3
fb20bc4a-b8ad-4aad-8101-a4fa372dcd6c,SMA_5_20,2022-01-11 00:00:00+00:00,9.395296964321744,0.0215162985376584,1,-2.6430171590509057,0,3
7f7dd2aa-af66-434d-a660-1e6640485bce,SMA_5_20,2022-02-09 00:00:00+00:00,-11.263049409760868,-0.0263608520112743,0,1.958107440770236,1,3
55440c13-9359-477d-8a27-bc485044e76f,SMA_5_20,2022-02-17 00:00:00+00:00,-2.3467666538243748,-0.0056412498446955,0,1.3009945934846234,0,3
63235173-58b2-4601-9160-1041847ee7ca,SMA_5_20,2022-03-21 00:00:00+00:00,-1.1864414163866286,-0.0028360157969695,0,3.2963973974532066,0,3
d0f94f2b-48f6-4e51-8c96-7bf99ccb7bdd,SMA_5_20,2022-04-12 00:00:00+00:00,26.277261670556925,0.0629906179047517,1,-1.6359336831670708,0,3
2e10a36f-f0d1-43f3-ae88-e1701991fa93,SMA_5_20,2022-06-01 00:00:00+00:00,-36.07837844976893,-0.0922993905052887,0,-0.5613493453614311,0,3
9c9a196e-4752-4858-8dce-aae8e18a8d23,SMA_5_20,2022-06-14 00:00:00+00:00,-11.38549882793751,-0.0320893750527175,0,-2.0624317193925474,0,3
aec75f9b-5f92-4ab1-b7a4-dbd6f5fb72df,SMA_5_20,2022-07-08 00:00:00+00:00,-1.1252732424359806,-0.0030729102856857,0,2.050888134895674,1,3
144930d9-d322-4d06-8f08-a6a4f61fe1bc,SMA_5_20,2022-07-19 00:00:00+00:00,-6.042268504958145,-0.0165511628651657,0,-0.7626550793914026,0,3
fa720062-8c19-44ac-9f0b-250ac814c636,SMA_5_20,2022-07-20 00:00:00+00:00,25.45477041199149,0.068591205316581,1,2.5206003112004827,1,3
edf1b304-5a71-4e1d-9aa4-2d76dfb00cab,SMA_5_20,2022-08-26 00:00:00+00:00,49.89792630327997,0.1258259308516658,1,0.30247515555263826,1,3
96fec364-d799-4468-8e07-17a83c7e2d64,SMA_5_20,2022-10-21 00:00:00+00:00,28.312710155648915,0.0816716214685598,1,2.37830444504773,1,3
5f7624c5-7d59-494a-a719-27d19d40b5f8,SMA_5_20,2022-12-09 00:00:00+00:00,0.862874066099721,0.002301132973191,1,-2.3855358425684643,0,3
57333a92-3dcb-4b9c-9191-fede7e46ccc8,SMA_5_20,2023-01-11 00:00:00+00:00,8.899017239359523,0.0237868464018239,1,2.9145530325315754,1,3
81f7a0d8-0a0a-49f9-b160-368db6980bf4,SMA_5_20,2023-02-23 00:00:00+00:00,1.8318588167287544,0.0047827455222296,1,1.3009945934846234,0,3
59727a22-7704-427c-81e5-b5acae21dd5f,SMA_5_20,2023-03-27 00:00:00+00:00,8.502240978833129,0.0223049260513512,1,3.2963973974532066,0,3
0b9b72fd-d5ac-47b0-b912-f3eea4ac9f75,SMA_5_20,2023-04-27 00:00:00+00:00,-4.174489849160977,-0.0107124876340083,0,-1.9617137531234974,0,3
0305d09b-2331-4707-ab0d-de7429a9ced7,SMA_5_20,2023-05-03 00:00:00+00:00,1.5415225317761383,0.0039138949932865,1,0.23376544416517905,1,3
455c5cff-a422-42b3-94ee-bcf58c009516,SMA_5_20,2023-05-08 00:00:00+00:00,-0.4308606427393329,-0.0010896816873008,0,-0.9960118549572842,0,3
c23fa7fe-dde3-4c3a-a6d7-dabfc80d5316,SMA_5_20,2023-05-12 00:00:00+00:00,34.779028061243764,0.0878632540172404,1,-0.3302492098933716,1,3
a9919a98-8fcf-4097-9b2f-1b09b7339be6,SMA_5_20,2023-08-08 00:00:00+00:00,-3.4307316472768434,-0.0079671369733418,0,-1.047278974353306,0,3
f7db1f99-a050-4ddf-9fea-6121c31fb931,SMA_5_20,2023-08-31 00:00:00+00:00,-13.851095235004038,-0.0319119451911027,0,-0.276055732017828,1,3
40c7227f-02b4-4e96-9778-f8195a6ad864,SMA_5_20,2023-09-21 00:00:00+00:00,0.4725679404377274,0.0011246530254767,1,-1.1121105497965815,0,3
8d52c6d3-3f1f-43ad-a21e-f28fb786fc25,SMA_5_20,2023-10-13 00:00:00+00:00,-12.112830938051276,-0.0288594906495103,0,2.37830444504773,1,3
6fc7c4e1-5e77-4706-8b8f-d7924179fed5,SMA_5_20,2023-10-24 00:00:00+00:00,-12.575691799257584,-0.0308526747685716,0,-1.020339339436721,0,3
1f156eb2-770a-44cd-aaf3-f1d35ede4941,SMA_5_20,2023-11-07 00:00:00+00:00,36.73717246765489,0.0874319291056965,1,-0.8738200085890682,0,3
fe314dfd-2701-42e9-8c96-73c4dee85544,SMA_5_20,2024-01-09 00:00:00+00:00,-5.538707522649247,-0.0121218996793521,0,-2.6430171590509057,0,3
08ce2e81-38a6-4a89-89ad-f2378bb241fb,SMA_5_20,2024-01-11 00:00:00+00:00,36.29760756498735,0.0784887535117015,1,2.459139123208409,1,3
1ad546fa-c53c-4222-8d55-38f3fc1dd8ff,SMA_5_20,2024-04-10 00:00:00+00:00,-3.962916659952839,-0.007945637539756,0,0.40680866371716945,0,4
1bbccfee-ed95-46bc-bed7-c42f3d906d45,SMA_5_20,2024-05-07 00:00:00+00:00,24.80415862858172,0.0493402335726929,1,1.4065826713473715,0,4
631e6e40-6b78-4689-8d18-a307e0255c08,SMA_5_20,2024-07-25 00:00:00+00:00,-9.812689236638448,-0.0186015194784152,0,-1.1404089849587864,0,4
762f5077-1c41-4fb4-82d2-57798afcfdb1,SMA_5_20,2024-08-16 00:00:00+00:00,-6.596922905069164,-0.0122771472634678,0,2.2324284471554985,1,4
12adae4c-35f8-4078-9869-ba5056642850,SMA_5_20,2024-09-09 00:00:00+00:00,-19.92735350761984,-0.0375465968554602,0,-1.25925507469794,0,4
2d31a968-3d8e-4182-969c-06ef438c60de,SMA_5_20,2024-09-17 00:00:00+00:00,7.768990646859493,0.0141084057990149,1,1.108879086198761,1,4
21d720af-06d9-46d1-a376-a0eb3b1e10ad,SMA_5_20,2024-11-01 00:00:00+00:00,-24.28936939499397,-0.043495587505457,0,-1.5923461608732021,0,4
17b2cc68-6b08-44b8-b184-d51d485a04d6,SMA_5_20,2024-11-08 00:00:00+00:00,-4.70156795787193,-0.0080682818782281,0,3.626578788347976,1,4
4c400e4a-2b48-439b-af16-67aea10d517f,SMA_5_20,2024-12-19 00:00:00+00:00,-16.224982037896325,-0.0280698952403435,0,-1.4675542859909865,0,4
0c55dd64-16fe-4bbf-86c4-78b194ec9c18,SMA_5_20,2025-01-22 00:00:00+00:00,-9.797542839548782,-0.0164873590669465,0,5.108559282681769,1,4
4e086ce2-dc81-435c-9433-addb8525db5c,SMA_5_20,2025-02-26 00:00:00+00:00,26.522762430946276,0.0453808612927122,1,3.888282814639975,1,4
d5b86766-7194-40dc-b5fb-e61a769bc7e0,SMA_5_20,2025-03-27 00:00:00+00:00,-11.932044570674408,-0.0213864503974476,0,1.7551400182860348,1,4
94118221-36bc-43e4-9b55-e230f194054c,SMA_5_20,2025-04-02 00:00:00+00:00,3.6003434261729126,0.0065941154435164,1,0.40680866371716945,0,4
180258dd-d787-4b26-b5d6-496c12c6d3d1,SMA_5_20,2025-04-28 00:00:00+00:00,85.3157847428148,0.1572951307768252,1,4.780035689063059,0,4
354834c5-1a06-4e4d-a3d4-2618078a5dcb,SMA_5_20,2025-08-07 00:00:00+00:00,-1.2036269579211876,-0.0019174924795749,0,-1.4598386448738991,0,4
9854f724-9a6b-4c62-ac56-7f02953c1733,SMA_5_20,2025-08-11 00:00:00+00:00,30.79027002076998,0.0489579587045355,1,0.3004153826044826,1,4
39f08742-b77f-4fdf-83b2-2dbf81735de4,SMA_5_20,2025-10-15 00:00:00+00:00,-5.124699260432294,-0.0077681947684538,0,-3.895497171301841,0,4
711e20a3-f0e5-476d-ae64-639e12237d76,SMA_5_20,2025-10-22 00:00:00+00:00,-9.794358208443668,-0.0147321813822303,0,3.2063490102234855,1,4
f047772d-5349-4c0d-8158-3c35b0997310,SMA_5_20,2025-11-18 00:00:00+00:00,-16.531650366478743,-0.0252378867760467,0,-2.4818113037693252,0,4
c8f04f35-0b93-4c22-a714-078c13f6bea8,SMA_5_20,2025-12-01 00:00:00+00:00,-0.218347695217858,-0.0003251327679065,0,0.4918130521607267,1,4
ff783179-cf97-4368-895d-533ea7cb4dda,SMA_5_20,2025-12-19 00:00:00+00:00,-13.941112240284838,-0.0207659010025417,0,-1.962769395733487,0,4
32bf27b3-1986-4861-8278-2804f8964cda,SMA_5_20,2025-12-26 00:00:00+00:00,-0.783970111165786,-0.0011440017984419,0,1.2259435928236035,1,4
10e7697d-37b8-4dfd-a4d9-8b2a6ca66821,SMA_5_20,2026-01-22 00:00:00+00:00,-7.144256375390114,-0.0104371361981613,0,2.2957868820822545,1,4
1e2ee786-bc39-4db4-9314-8f8bf168ec69,SMA_5_20,2026-01-28 00:00:00+00:00,-15.4691111754679,-0.0223655911271403,0,4.726346231978261,1,4
fa9e4fd3-f286-400f-837f-de181b29bac2,SMA_5_20,2026-02-06 00:00:00+00:00,-0.2281805735038915,-0.0003374560425944,0,1.7116034004673397,1,4
3015fc23-b089-432d-aac4-0aae97339a46,SMA_5_20,2026-02-13 00:00:00+00:00,-1.537995155463932,-0.0022737723381904,0,1.14740829176677,1,4
0c0e4f8d-a62c-48d2-ac21-4bd27346524e,SMA_5_20,2026-02-17 00:00:00+00:00,-2.9271317971082453,-0.0043373343313036,0,-3.481805712596335,0,4
24b91e5f-7fcb-4b39-906e-22807d02cc77,SMA_5_20,2026-02-27 00:00:00+00:00,-4.355959763656415,-0.0064266533480335,0,1.14740829176677,1,4
f1f188a6-1d61-46aa-9377-a3e9c71f32a2,SMA_5_20,2026-03-02 00:00:00+00:00,3.6118170990012,0.005363235068102,1,-1.6319726590078187,0,4
05cf4d94-1649-4b7b-bc0b-473e2cf9ed69,SMA_5_20,2026-03-03 00:00:00+00:00,6.965579027919716,0.0103990531614205,1,2.012213575225451,1,4
4151978a-2401-48bf-8e16-58187eaa8def,SMA_5_20,2026-03-05 00:00:00+00:00,5.355135945985239,0.0079125076750989,1,-1.9216339956255022,0,4
a563ad89-6483-48cd-b3f6-3736af45ac2e,SMA_5_20,2026-04-09 00:00:00+00:00,58.25488190068416,0.0867612890252693,1,0.9168425502297819,1,4
2a2184dc-6090-40e9-b9ec-9cad92178b13,SMA_5_20,2026-06-10 00:00:00+00:00,-16.15441937373953,-0.0221386361406498,0,-2.7432958740208617,0,4
33649446-017c-4b7f-b87e-a37524018815,SMA_5_20,2026-06-22 00:00:00+00:00,-12.499023182346946,-0.0167581386124889,0,-0.5703015227475214,0,4
3331a2ca-6c94-4f73-9b9f-bfc571edba58,SMA_5_20,2026-06-24 00:00:00+00:00,-13.536402126278404,-0.018458337898696,0,-2.7432958740208617,0,4
c69dd5d5-6c62-4c49-954d-7cd8a0e72e3f,SMA_5_20,2026-07-06 00:00:00+00:00,-10.204653343602445,-0.0136629453926548,0,3.5118923170667573,1,4
96f28bc1-fdfc-41e7-ab82-bb31c0aca3c3,SMA_5_20,2026-07-24 00:00:00+00:00,-37.24749862998647,-0.0505612544335315,0,2.348135854185457,1,4
b0f95dc7-8307-4ccc-8152-a26b3869aa35,SMA_5_20,2026-08-05 00:00:00+00:00,-7.331759397301084,-0.0094734365860603,0,-0.40968899225305927,1,4
dc4fc7d9-3b39-4013-8770-85c1dc598d2d,SMA_5_20,2026-08-27 00:00:00+00:00,-6.193572001619828,-0.0080793125990888,0,-1.4598386448738991,0,4
